ts_code,forcast_close_line
000002.SZ,19.1492
000004.SZ,14.853999999999996
000005.SZ,1.988
000008.SZ,3.18374
000009.SZ,3.3748400000000003
000012.SZ,2.63718
000023.SZ,11.41014
000034.SZ,10.27075
000035.SZ,4.319
000040.SZ,4.63134
000042.SZ,8.406089999999999
000046.SZ,4.2692999999999985
000048.SZ,15.82
000060.SZ,3.05473
000062.SZ,9.527000000000001
000063.SZ,13.201999999999998
000078.SZ,3.1389400000000003
000100.SZ,2.07438
000157.SZ,2.78495
000158.SZ,4.48
000159.SZ,3.15812
000333.SZ,33.53259
000401.SZ,7.82838
000403.SZ,18.291
000407.SZ,2.8069999999999995
000408.SZ,6.51
000413.SZ,3.81703
000415.SZ,2.982
000419.SZ,3.556
000420.SZ,2.051
000425.SZ,2.8182
000426.SZ,3.99
000428.SZ,2.212
000429.SZ,4.817679999999998
000430.SZ,4.452
000488.SZ,4.60677
000498.SZ,3.528
000503.SZ,11.766999999999998
000509.SZ,2.226
000510.SZ,3.976
000516.SZ,4.168919999999999
000517.SZ,2.205
000518.SZ,2.9960000000000004
000525.SZ,8.33245
000534.SZ,8.16963
000538.SZ,57.715
000540.SZ,3.2816
000541.SZ,3.8869599999999997
000544.SZ,3.3675599999999997
000545.SZ,2.8629999999999995
000546.SZ,7.622719999999998
000547.SZ,6.9929999999999986
000555.SZ,9.356060000000001
000558.SZ,2.814
000560.SZ,4.1979000000000015
000564.SZ,2.023
000573.SZ,2.39925
000584.SZ,5.668740000000001
000585.SZ,1.4980000000000002
000586.SZ,6.376999999999999
000592.SZ,1.9180000000000001
000593.SZ,5.334
000597.SZ,9.127999999999998
000603.SZ,7.686
000605.SZ,6.8258399999999995
000605.SZ,6.8258399999999995
000606.SZ,5.292000000000001
000608.SZ,3.619
000609.SZ,3.85
000612.SZ,3.8360000000000003
000615.SZ,4.353999999999999
000620.SZ,3.67024
000623.SZ,13.317639999999999
000627.SZ,5.18
000632.SZ,3.094
000633.SZ,3.36
000639.SZ,4.15583
000652.SZ,2.66658
000656.SZ,5.2607800000000005
000661.SZ,123.28687
000665.SZ,3.7625
000667.SZ,1.981
000671.SZ,5.609380000000001
000672.SZ,8.995
000681.SZ,14.111999999999998
000683.SZ,2.1189
000686.SZ,7.059080000000001
000687.SZ,5.257000000000001
000688.SZ,8.03026
000690.SZ,5.47281
000691.SZ,2.891
000697.SZ,9.737
000700.SZ,2.45581
000703.SZ,10.18192
000707.SZ,2.135
000710.SZ,28.539
000712.SZ,9.653
000715.SZ,6.9379800000000005
000716.SZ,2.527
000718.SZ,2.46792
000720.SZ,2.625
000723.SZ,6.454
000732.SZ,6.00425
000735.SZ,5.155149999999999
000736.SZ,5.910729999999999
000739.SZ,4.63876
000761.SZ,2.78901
000762.SZ,5.152
000768.SZ,8.79683
000776.SZ,8.504999999999999
000782.SZ,3.0766400000000003
000783.SZ,5.292279999999999
000790.SZ,3.157
000792.SZ,4.571000000000001
000795.SZ,3.199
000796.SZ,4.431
000801.SZ,3.9621399999999993
000802.SZ,7.880319999999998
000809.SZ,1.9040000000000001
000810.SZ,4.794999999999999
000811.SZ,6.376019999999999
000812.SZ,2.716
000813.SZ,6.939379999999999
000819.SZ,7.805699999999999
000821.SZ,6.656999999999999
000823.SZ,5.20149
000826.SZ,8.5932
000829.SZ,4.172
000835.SZ,3.241
000838.SZ,2.7444900000000003
000839.SZ,2.765
000856.SZ,8.995
000861.SZ,1.81993
000863.SZ,3.20474
000881.SZ,4.865
000882.SZ,1.7919999999999998
000887.SZ,7.852249999999999
000889.SZ,7.942060000000001
000890.SZ,3.878
000893.SZ,5.082
000902.SZ,6.0918899999999985
000906.SZ,3.4755699999999994
000908.SZ,3.213
000910.SZ,9.15264
000912.SZ,3.15
000918.SZ,5.271
000922.SZ,5.516
000925.SZ,4.2349999999999985
000926.SZ,5.278
000931.SZ,4.137
000932.SZ,2.03399
000933.SZ,3.57511
000935.SZ,9.73
000936.SZ,3.61984
000937.SZ,2.70221
000938.SZ,19.7806
000949.SZ,2.2813
000950.SZ,3.7030000000000003
000959.SZ,3.08
000960.SZ,8.743
000961.SZ,6.698580000000001
000963.SZ,20.076420000000002
000967.SZ,5.23243
000972.SZ,1.7989999999999997
000975.SZ,8.143099999999999
000976.SZ,3.22
000976.SZ,3.22
000977.SZ,13.0081
000980.SZ,3.612
000989.SZ,7.52584
000990.SZ,10.83033
000996.SZ,6.0619999999999985
000997.SZ,10.21867
000998.SZ,11.60677
001696.SZ,4.00148
001979.SZ,14.36631
002002.SZ,4.36989
002003.SZ,5.30817
002004.SZ,3.31345
002006.SZ,4.039
002007.SZ,15.483649999999995
002008.SZ,24.121370000000002
002009.SZ,6.48697
002012.SZ,2.394
002014.SZ,4.69861
002015.SZ,4.137
002016.SZ,5.914929999999999
002019.SZ,8.768199999999998
002020.SZ,7.93933
002020.SZ,7.93933
002021.SZ,1.491
002022.SZ,8.593060000000001
002023.SZ,8.19
002024.SZ,9.29999
002029.SZ,5.14976
002031.SZ,1.7639999999999998
002033.SZ,4.03942
002034.SZ,9.72587
002035.SZ,8.666279999999999
002036.SZ,5.25686
002038.SZ,11.95635
002041.SZ,4.753
002042.SZ,3.41425
002043.SZ,4.68657
002044.SZ,9.797830000000001
002045.SZ,3.5038499999999995
002047.SZ,5.03531
002050.SZ,6.00117
002055.SZ,8.42184
002056.SZ,3.76649
002059.SZ,3.82186
002062.SZ,3.0555
002067.SZ,2.74183
002069.SZ,2.8
002071.SZ,2.919
002073.SZ,4.27
002074.SZ,9.52805
002075.SZ,5.9728900000000005
002076.SZ,2.226
002077.SZ,3.248
002078.SZ,5.06128
002083.SZ,4.69182
002085.SZ,6.416409999999999
002086.SZ,2.786
002087.SZ,3.06922
002089.SZ,1.855
002090.SZ,8.860949999999997
002092.SZ,6.23406
002093.SZ,5.6844199999999985
002094.SZ,4.018
002097.SZ,5.05134
002099.SZ,3.68746
002100.SZ,2.53057
002101.SZ,6.3266
002102.SZ,1.743
002103.SZ,3.661
002104.SZ,4.48
002108.SZ,2.95841
002111.SZ,8.575
002112.SZ,4.627
002114.SZ,5.837999999999999
002115.SZ,5.725999999999999
002117.SZ,5.850879999999999
002118.SZ,4.487
002119.SZ,6.02427
002120.SZ,21.35
002121.SZ,3.885
002121.SZ,3.885
002122.SZ,1.274
002123.SZ,9.562000000000001
002124.SZ,8.777999999999999
002125.SZ,4.7280099999999985
002126.SZ,6.278369999999999
002127.SZ,6.5379999999999985
002128.SZ,5.0539999999999985
002130.SZ,2.226
002131.SZ,1.4349999999999998
002132.SZ,2.667
002135.SZ,4.7247900000000005
002137.SZ,4.949
002138.SZ,13.054999999999998
002139.SZ,4.1746599999999985
002142.SZ,11.648769999999999
002145.SZ,2.15922
002146.SZ,8.065539999999999
002151.SZ,18.552310000000002
002154.SZ,2.46624
002156.SZ,6.58427
002157.SZ,14.254379999999998
002159.SZ,13.902000000000001
002160.SZ,2.84445
002161.SZ,5.3969999999999985
002162.SZ,2.471
002164.SZ,2.072
002165.SZ,3.26879
002166.SZ,5.62268
002167.SZ,5.928999999999999
002169.SZ,4.00281
002170.SZ,2.394
002171.SZ,4.634
002172.SZ,3.1710000000000003
002174.SZ,12.95
002175.SZ,1.4069999999999998
002176.SZ,3.388
002177.SZ,3.15
002180.SZ,20.7816
002182.SZ,5.45328
002183.SZ,3.86911
002191.SZ,9.63963
002192.SZ,13.292999999999996
002193.SZ,7.669199999999999
002195.SZ,2.51853
002196.SZ,4.823
002197.SZ,6.43545
002198.SZ,4.144
002199.SZ,6.1179999999999986
002200.SZ,4.725
002201.SZ,5.656000000000001
002202.SZ,9.21767
002203.SZ,7.445549999999999
002204.SZ,2.57628
002206.SZ,3.39381
002212.SZ,9.968
002214.SZ,6.0402999999999984
002215.SZ,5.404
002216.SZ,5.0242499999999986
002217.SZ,4.654579999999998
002218.SZ,2.31
002218.SZ,2.31
002221.SZ,6.237
002223.SZ,16.458889999999997
002224.SZ,5.00409
002225.SZ,3.8906
002228.SZ,3.68844
002229.SZ,6.073479999999999
002231.SZ,4.59305
002233.SZ,8.5141
002234.SZ,7.902999999999999
002235.SZ,6.783
002236.SZ,11.886
002237.SZ,7.32529
002239.SZ,1.596
002240.SZ,6.9369999999999985
002241.SZ,5.78837
002242.SZ,13.755
002244.SZ,2.8721
002245.SZ,3.04136
002249.SZ,2.94
002251.SZ,5.572349999999999
002253.SZ,10.2277
002255.SZ,2.8349999999999995
002261.SZ,3.8080000000000003
002262.SZ,7.8679999999999986
002266.SZ,3.40655
002269.SZ,2.128
002271.SZ,14.527729999999998
002272.SZ,3.5
002273.SZ,6.35082
002274.SZ,2.74064
002276.SZ,3.752
002278.SZ,4.297999999999999
002279.SZ,5.222
002280.SZ,2.842
002282.SZ,6.9139
002283.SZ,2.625
002284.SZ,3.969
002285.SZ,3.8966199999999995
002286.SZ,4.69406
002287.SZ,13.88464
002288.SZ,3.9410000000000003
002291.SZ,4.2559999999999985
002292.SZ,4.865
002293.SZ,7.120539999999999
002294.SZ,19.12659
002295.SZ,5.824839999999999
002296.SZ,4.627
002298.SZ,5.9933299999999985
002299.SZ,12.846889999999998
002301.SZ,7.482579999999999
002303.SZ,3.91118
002308.SZ,3.682
002309.SZ,5.8519999999999985
002310.SZ,4.7846400000000004
002311.SZ,20.83025
002312.SZ,2.7089999999999996
002313.SZ,12.06849
002315.SZ,11.004000000000001
002316.SZ,4.8580000000000005
002317.SZ,7.463329999999999
002318.SZ,5.443199999999999
002321.SZ,4.319
002322.SZ,6.793779999999999
002324.SZ,7.167999999999998
002325.SZ,2.05121
002326.SZ,6.45519
002327.SZ,4.89412
002328.SZ,2.54835
002329.SZ,3.0380000000000003
002330.SZ,3.63986
002331.SZ,7.818089999999999
002332.SZ,4.78121
002333.SZ,3.6261400000000004
002334.SZ,3.80086
002335.SZ,11.28708
002336.SZ,4.76273
002339.SZ,4.0719
002340.SZ,3.55999
002341.SZ,3.8978799999999993
002342.SZ,2.639
002343.SZ,6.7620000000000005
002345.SZ,3.472
002346.SZ,9.53652
002348.SZ,2.695
002349.SZ,5.092079999999998
002350.SZ,5.14255
002352.SZ,24.92168
002353.SZ,12.14605
002355.SZ,6.16
002357.SZ,4.9217
002358.SZ,7.38045
002360.SZ,4.002879999999998
002361.SZ,3.0361799999999994
002362.SZ,9.701999999999998
002364.SZ,8.38537
002365.SZ,7.11613
002366.SZ,6.994819999999999
002367.SZ,3.4057800000000005
002369.SZ,6.674639999999999
002370.SZ,8.531880000000001
002372.SZ,8.541469999999999
002373.SZ,12.38846
002374.SZ,2.408
002375.SZ,4.605580000000001
002376.SZ,10.32759
002377.SZ,3.633
002378.SZ,4.68573
002379.SZ,2.52
002381.SZ,7.091
002382.SZ,11.779459999999998
002383.SZ,8.959999999999997
002384.SZ,11.01177
002388.SZ,4.158
002389.SZ,8.537339999999999
002390.SZ,2.947
002392.SZ,2.52637
002394.SZ,8.77737
002395.SZ,9.266739999999999
002397.SZ,3.969
002398.SZ,4.199999999999998
002399.SZ,12.055539999999999
002400.SZ,1.7931199999999998
002402.SZ,6.244
002403.SZ,6.05976
002404.SZ,4.592
002407.SZ,8.83043
002408.SZ,4.423089999999998
002409.SZ,11.2
002410.SZ,11.83189
002411.SZ,16.251269999999998
002412.SZ,7.55622
002413.SZ,4.31725
002414.SZ,13.355999999999998
002415.SZ,23.10973
002416.SZ,4.60677
002418.SZ,2.639
002421.SZ,3.14265
002422.SZ,20.671
002423.SZ,8.407
002424.SZ,7.509599999999999
002425.SZ,4.06931
002426.SZ,2.359
002428.SZ,4.619999999999999
002429.SZ,1.7009999999999998
002431.SZ,2.905
002432.SZ,4.27
002433.SZ,4.066929999999998
002434.SZ,4.624269999999999
002435.SZ,3.22
002436.SZ,4.424
002438.SZ,5.103280000000001
002439.SZ,19.93691
002446.SZ,5.056449999999999
002448.SZ,4.899019999999998
002449.SZ,8.946
002451.SZ,4.906999999999999
002453.SZ,4.053
002455.SZ,4.382280000000001
002456.SZ,7.489999999999998
002457.SZ,7.401029999999999
002458.SZ,17.57
002459.SZ,8.399999999999999
002460.SZ,19.07017
002462.SZ,13.391839999999998
002464.SZ,4.02647
002466.SZ,20.92839
002467.SZ,2.43348
002468.SZ,18.774
002470.SZ,2.898
002471.SZ,2.07879
002472.SZ,4.77785
002474.SZ,5.754
002475.SZ,9.9848
002478.SZ,4.22359
002480.SZ,3.486
002481.SZ,4.3119999999999985
002482.SZ,3.3675599999999997
002483.SZ,3.20376
002485.SZ,4.50975
002487.SZ,3.27516
002488.SZ,6.047999999999999
002489.SZ,2.38756
002490.SZ,3.479
002491.SZ,6.266469999999999
002492.SZ,4.315569999999999
002495.SZ,1.96
002496.SZ,1.715
002497.SZ,4.26657
002502.SZ,2.576
002503.SZ,1.995
002505.SZ,1.372
002506.SZ,4.592
002507.SZ,18.64058
002509.SZ,1.47
002510.SZ,3.34425
002513.SZ,4.347
002514.SZ,5.1309999999999985
002515.SZ,4.032
002516.SZ,2.24903
002518.SZ,5.02453
002519.SZ,3.395
002520.SZ,6.095249999999999
002522.SZ,4.977
002524.SZ,4.137
002526.SZ,1.69505
002527.SZ,4.55
002528.SZ,3.479
002529.SZ,5.172999999999999
002530.SZ,4.675999999999998
002531.SZ,4.5391499999999985
002532.SZ,4.03578
002533.SZ,3.5550199999999994
002535.SZ,2.9889999999999994
002536.SZ,4.35526
002537.SZ,5.369
002538.SZ,3.619
002539.SZ,3.37176
002540.SZ,3.76082
002541.SZ,6.28145
002542.SZ,3.62215
002545.SZ,5.35318
002547.SZ,8.26
002548.SZ,5.25
002549.SZ,4.49071
002551.SZ,4.17242
002552.SZ,5.018999999999999
002553.SZ,4.4963799999999985
002554.SZ,2.478
002555.SZ,8.43864
002556.SZ,4.14848
002557.SZ,16.632
002558.SZ,17.404799999999998
002560.SZ,3.332
002562.SZ,3.62705
002563.SZ,6.8693100000000005
002565.SZ,2.3626400000000003
002567.SZ,8.504999999999999
002568.SZ,11.004000000000001
002570.SZ,4.563999999999999
002571.SZ,3.696
002572.SZ,15.94719
002573.SZ,5.19855
002575.SZ,5.761
002576.SZ,7.052499999999998
002578.SZ,2.97332
002579.SZ,7.1986599999999985
002582.SZ,7.0537600000000005
002583.SZ,7.566649999999999
002585.SZ,4.0805799999999985
002586.SZ,3.3665800000000004
002587.SZ,4.0854800000000004
002588.SZ,3.73611
002589.SZ,5.67448
002591.SZ,5.25
002592.SZ,9.086
002593.SZ,2.38882
002595.SZ,14.232679999999998
002596.SZ,4.92905
002597.SZ,15.029279999999998
002598.SZ,5.8919
002599.SZ,4.16493
002600.SZ,1.981
002601.SZ,10.33501
002602.SZ,8.3622
002603.SZ,8.946349999999997
002605.SZ,6.79392
002606.SZ,5.0539999999999985
002607.SZ,8.302
002609.SZ,5.00024
002610.SZ,1.344
002611.SZ,3.514
002612.SZ,7.83482
002614.SZ,11.88089
002615.SZ,3.94499
002616.SZ,5.642
002617.SZ,3.22
002618.SZ,9.674
002619.SZ,2.66791
002620.SZ,5.31881
002621.SZ,5.888889999999999
002623.SZ,12.775
002625.SZ,8.19
002626.SZ,10.67969
002628.SZ,4.305
002630.SZ,2.177
002631.SZ,5.20751
002632.SZ,5.828619999999999
002633.SZ,6.026999999999999
002634.SZ,3.388
002635.SZ,9.88057
002637.SZ,6.275569999999999
002639.SZ,5.12435
002640.SZ,6.20697
002641.SZ,3.0444400000000003
002643.SZ,6.3413
002645.SZ,6.51
002646.SZ,9.226
002647.SZ,12.62345
002648.SZ,9.044769999999998
002649.SZ,6.0059999999999985
002651.SZ,3.38541
002652.SZ,2.8280000000000003
002653.SZ,10.752
002654.SZ,3.61193
002656.SZ,3.2760000000000002
002657.SZ,15.175999999999998
002658.SZ,5.3337900000000005
002659.SZ,5.8519999999999985
002660.SZ,4.4449999999999985
002661.SZ,10.84174
002662.SZ,2.54632
002666.SZ,3.09988
002669.SZ,9.14816
002670.SZ,7.785539999999999
002671.SZ,3.8773699999999995
002672.SZ,8.803410000000001
002674.SZ,5.846049999999999
002675.SZ,6.83942
002677.SZ,8.12399
002679.SZ,12.10405
002681.SZ,3.164
002683.SZ,6.1006399999999985
002685.SZ,4.753279999999998
002686.SZ,4.9808499999999984
002687.SZ,4.301989999999999
002688.SZ,3.8719799999999993
002689.SZ,3.528
002691.SZ,6.06515
002693.SZ,3.465
002694.SZ,3.122
002696.SZ,5.301309999999999
002697.SZ,4.1920899999999985
002698.SZ,4.769379999999999
002699.SZ,4.396
002700.SZ,6.4694
002701.SZ,4.1789999999999985
002702.SZ,3.61466
002703.SZ,3.185
002705.SZ,6.2043099999999995
002706.SZ,4.97994
002706.SZ,4.97994
002707.SZ,4.61797
002708.SZ,5.3199999999999985
002709.SZ,11.27392
002712.SZ,5.07514
002713.SZ,7.321929999999999
002714.SZ,46.58311000000001
002715.SZ,12.214999999999998
002717.SZ,4.51759
002718.SZ,15.14289
002719.SZ,8.61
002722.SZ,12.298860000000001
002723.SZ,6.824999999999998
002725.SZ,6.28565
002726.SZ,6.125
002727.SZ,18.396
002728.SZ,10.969000000000001
002730.SZ,4.9050400000000005
002731.SZ,7.2116799999999985
002733.SZ,6.069069999999999
002734.SZ,9.506
002735.SZ,10.18899
002737.SZ,12.3053
002738.SZ,12.169009999999998
002740.SZ,4.75916
002741.SZ,10.63993
002742.SZ,5.964
002743.SZ,4.8097
002745.SZ,8.964619999999998
002746.SZ,12.8429
002750.SZ,8.581999999999999
002751.SZ,17.699360000000002
002752.SZ,4.99674
002753.SZ,7.475089999999999
002756.SZ,10.262
002757.SZ,15.930319999999998
002758.SZ,6.6796099999999985
002759.SZ,9.835
002760.SZ,13.895
002761.SZ,6.90592
002762.SZ,3.96767
002763.SZ,5.8009
002765.SZ,4.86402
002767.SZ,9.81141
002768.SZ,19.54484
002769.SZ,7.299879999999999
002771.SZ,7.8778000000000015
002772.SZ,5.69128
002774.SZ,6.785799999999999
002775.SZ,5.27422
002776.SZ,6.7525499999999985
002778.SZ,12.61694
002779.SZ,12.688199999999998
002780.SZ,14.07
002781.SZ,13.32744
002782.SZ,9.25491
002783.SZ,5.6770000000000005
002785.SZ,8.007019999999999
002786.SZ,5.0796199999999985
002787.SZ,6.0676700000000015
002788.SZ,5.62674
002789.SZ,14.52374
002792.SZ,14.230999999999998
002793.SZ,11.235
002795.SZ,10.82571
002796.SZ,21.9828
002797.SZ,3.77986
002798.SZ,15.811319999999998
002800.SZ,14.535570000000002
002802.SZ,15.62085
002803.SZ,14.287
002805.SZ,8.43731
002806.SZ,12.44369
002809.SZ,10.19004
002810.SZ,11.13735
002811.SZ,12.01522
002812.SZ,24.47907
002813.SZ,21.36358
002815.SZ,9.85747
002817.SZ,13.205570000000002
002819.SZ,14.020509999999998
002822.SZ,4.991630000000001
002823.SZ,8.68056
002824.SZ,8.30655
002826.SZ,8.51459
002828.SZ,8.874460000000001
002829.SZ,12.830999999999998
002831.SZ,17.5266
002832.SZ,14.549710000000001
002833.SZ,26.63913
002837.SZ,12.80839
002838.SZ,9.28956
002840.SZ,12.922
002842.SZ,6.622909999999999
002843.SZ,6.7144
002845.SZ,12.53455
002846.SZ,9.393930000000001
002848.SZ,8.092
002849.SZ,12.61925
002850.SZ,15.869699999999998
002851.SZ,14.88144
002852.SZ,10.359160000000001
002853.SZ,15.22493
002856.SZ,15.097039999999998
002857.SZ,7.306319999999999
002858.SZ,13.294119999999998
002859.SZ,20.545
002860.SZ,12.20912
002861.SZ,15.74384
002862.SZ,14.78729
002863.SZ,4.89265
002865.SZ,13.75801
002867.SZ,15.14569
002868.SZ,10.613539999999999
002869.SZ,31.27327
002873.SZ,12.842410000000001
002876.SZ,19.45293
002877.SZ,6.558999999999998
002878.SZ,14.565179999999998
002879.SZ,9.7454
002881.SZ,16.044
002882.SZ,8.176630000000001
002885.SZ,10.441199999999998
002886.SZ,12.008079999999998
002888.SZ,12.12274
002891.SZ,12.691209999999998
002893.SZ,9.088449999999998
002895.SZ,9.71026
002896.SZ,19.10783
002897.SZ,13.54766
002898.SZ,11.066859999999998
002899.SZ,9.233
002900.SZ,8.87502
002907.SZ,12.403999999999998
002908.SZ,8.390199999999998
002909.SZ,6.755
002913.SZ,30.781659999999995
002915.SZ,14.777000000000001
002919.SZ,9.69787
002922.SZ,10.345999999999998
002923.SZ,13.272629999999998
002925.SZ,26.775
002927.SZ,14.848120000000002
002929.SZ,24.625789999999995
002930.SZ,12.933689999999999
002931.SZ,18.921
002933.SZ,38.01189
002937.SZ,11.13
002940.SZ,28.226029999999994
002943.SZ,23.94
002947.SZ,26.439
002958.SZ,5.1538900000000005
300001.SZ,14.00588
300002.SZ,2.7510000000000003
300003.SZ,17.009999999999998
300004.SZ,3.346
300006.SZ,2.7314700000000003
300007.SZ,7.795619999999999
300008.SZ,1.9040000000000001
300009.SZ,10.045910000000001
300010.SZ,6.1389999999999985
300011.SZ,5.4670000000000005
300012.SZ,3.36343
300013.SZ,7.680610000000001
300014.SZ,17.401999999999994
300015.SZ,20.916
300016.SZ,5.999
300017.SZ,5.4614
300018.SZ,4.305
300019.SZ,4.738999999999999
300020.SZ,6.8986399999999986
300021.SZ,3.66352
300022.SZ,3.542
300023.SZ,4.3679999999999986
300026.SZ,2.92292
300027.SZ,4.018
300031.SZ,9.625
300035.SZ,3.41355
300037.SZ,17.846079999999994
300038.SZ,7.857289999999999
300039.SZ,3.32668
300040.SZ,3.47074
300041.SZ,4.5820599999999985
300042.SZ,6.49999
300043.SZ,3.57035
300044.SZ,5.06765
300045.SZ,6.90165
300047.SZ,5.90191
300048.SZ,2.1
300048.SZ,2.1
300050.SZ,4.465999999999998
300051.SZ,4.928
300052.SZ,7.755509999999999
300053.SZ,6.46359
300054.SZ,5.857879999999999
300056.SZ,5.018999999999999
300057.SZ,3.4712999999999994
300058.SZ,3.7634800000000004
300059.SZ,7.214059999999999
300061.SZ,5.124
300062.SZ,4.277349999999998
300063.SZ,2.765
300065.SZ,10.16043
300067.SZ,3.75186
300068.SZ,10.487680000000001
300070.SZ,6.022099999999999
300071.SZ,2.212
300072.SZ,5.94223
300074.SZ,3.346
300076.SZ,3.55628
300078.SZ,7.236529999999999
300081.SZ,7.427069999999999
300082.SZ,5.1439499999999985
300083.SZ,1.925
300084.SZ,4.319
300086.SZ,3.7322599999999997
300087.SZ,6.40626
300088.SZ,4.15191
300091.SZ,2.926
300092.SZ,4.19342
300093.SZ,5.2010000000000005
300094.SZ,3.8249400000000002
300095.SZ,4.319
300096.SZ,5.340999999999998
300097.SZ,8.931999999999997
300098.SZ,4.82503
300100.SZ,5.85025
300108.SZ,3.962
300109.SZ,12.29753
300110.SZ,2.8572599999999997
300111.SZ,1.351
300111.SZ,1.351
300112.SZ,6.2206199999999985
300113.SZ,11.96622
300115.SZ,7.192289999999999
300117.SZ,2.9526699999999995
300118.SZ,6.584409999999999
300119.SZ,8.386000000000001
300120.SZ,4.23766
300121.SZ,6.46786
300122.SZ,33.828129999999994
300123.SZ,6.208999999999999
300124.SZ,19.38279
300127.SZ,10.016160000000001
300128.SZ,2.898
300129.SZ,2.84242
300130.SZ,9.08726
300131.SZ,3.97488
300132.SZ,8.75
300133.SZ,6.12234
300134.SZ,5.691
300135.SZ,2.29999
300136.SZ,18.06469
300138.SZ,5.940479999999999
300139.SZ,8.918
300140.SZ,7.0069300000000005
300142.SZ,13.01944
300143.SZ,7.126
300144.SZ,14.517789999999998
300145.SZ,2.975
300146.SZ,14.93373
300147.SZ,5.51642
300148.SZ,3.4979
300149.SZ,12.749239999999999
300150.SZ,3.67171
300151.SZ,4.43149
300158.SZ,3.675
300159.SZ,3.98132
300160.SZ,2.75184
300162.SZ,4.4030000000000005
300163.SZ,2.9610000000000003
300164.SZ,4.99898
300166.SZ,10.141810000000001
300167.SZ,4.011
300168.SZ,8.519
300169.SZ,2.94
300170.SZ,9.16573
300173.SZ,3.815
300175.SZ,2.99852
300178.SZ,4.52809
300179.SZ,3.059
300182.SZ,3.1710000000000003
300184.SZ,5.831
300185.SZ,1.44249
300188.SZ,12.06499
300190.SZ,4.63547
300190.SZ,4.63547
300191.SZ,15.855
300192.SZ,7.314999999999999
300193.SZ,5.4110000000000005
300194.SZ,3.318
300196.SZ,6.587000000000001
300197.SZ,2.31
300198.SZ,2.7510000000000003
300198.SZ,2.7510000000000003
300199.SZ,7.399
300200.SZ,6.08391
300201.SZ,3.82648
300203.SZ,18.92254
300204.SZ,9.856
300206.SZ,4.8178899999999985
300207.SZ,8.38285
300208.SZ,5.047280000000001
300209.SZ,10.35335
300210.SZ,3.3739999999999997
300211.SZ,3.18794
300212.SZ,15.119229999999998
300213.SZ,4.39971
300214.SZ,3.1873099999999996
300215.SZ,4.821599999999999
300217.SZ,1.6823099999999998
300218.SZ,5.09621
300220.SZ,8.068760000000001
300222.SZ,9.69234
300223.SZ,15.823919999999998
300224.SZ,5.096
300225.SZ,4.081
300227.SZ,8.28457
300228.SZ,2.87
300229.SZ,6.39492
300230.SZ,3.00342
300231.SZ,5.58341
300232.SZ,7.222599999999999
300233.SZ,12.821339999999998
300234.SZ,7.720999999999999
300235.SZ,7.580999999999999
300236.SZ,26.439
300237.SZ,2.877
300239.SZ,3.34446
300240.SZ,5.93495
300241.SZ,3.86435
300242.SZ,2.5340000000000003
300243.SZ,6.4917300000000004
300244.SZ,14.941639999999998
300246.SZ,9.87371
300247.SZ,2.6460000000000004
300248.SZ,5.376
300249.SZ,5.5731199999999985
300250.SZ,9.759260000000001
300251.SZ,6.27396
300252.SZ,7.71855
300253.SZ,8.514660000000001
300254.SZ,5.6693
300255.SZ,4.81614
300256.SZ,2.982
300257.SZ,7.073149999999999
300259.SZ,2.21998
300261.SZ,4.20112
300262.SZ,5.25574
300263.SZ,3.8592400000000002
300264.SZ,4.277
300265.SZ,6.110859999999999
300266.SZ,3.437
300267.SZ,3.7869300000000004
300268.SZ,9.744
300270.SZ,5.970999999999999
300271.SZ,12.86691
300272.SZ,4.076169999999999
300273.SZ,4.54216
300274.SZ,5.711229999999999
300275.SZ,6.656999999999999
300276.SZ,6.7239200000000015
300277.SZ,4.7322799999999985
300279.SZ,3.815
300281.SZ,3.6271199999999997
300282.SZ,8.504999999999999
300283.SZ,3.5275099999999995
300284.SZ,6.98068
300285.SZ,12.061
300286.SZ,7.597029999999998
300287.SZ,2.7510000000000003
300289.SZ,4.409999999999998
300290.SZ,4.893
300292.SZ,2.492
300293.SZ,6.17239
300294.SZ,24.17849
300296.SZ,6.068649999999999
300297.SZ,4.81866
300299.SZ,3.843
300300.SZ,9.09902
300301.SZ,3.5699999999999994
300302.SZ,7.055999999999999
300303.SZ,2.04862
300304.SZ,2.8344400000000003
300306.SZ,4.781000000000001
300307.SZ,4.21456
300308.SZ,28.74669
300309.SZ,4.697
300310.SZ,3.262
300311.SZ,4.82902
300317.SZ,3.955
300318.SZ,3.50581
300319.SZ,4.1789999999999985
300321.SZ,11.12944
300322.SZ,7.1985899999999985
300323.SZ,4.98281
300324.SZ,4.004
300325.SZ,2.3521400000000003
300326.SZ,6.824999999999998
300328.SZ,5.775
300331.SZ,13.3
300332.SZ,3.2809699999999995
300333.SZ,6.06277
300335.SZ,5.36501
300336.SZ,3.67864
300337.SZ,2.94
300338.SZ,8.02872
300339.SZ,9.758
300340.SZ,11.40167
300342.SZ,7.89502
300343.SZ,2.46743
300344.SZ,3.5940800000000004
300345.SZ,3.794
300346.SZ,6.19206
300347.SZ,30.223689999999994
300348.SZ,10.451
300349.SZ,13.53471
300350.SZ,4.7879999999999985
300352.SZ,3.76012
300353.SZ,7.59969
300354.SZ,5.4795300000000005
300355.SZ,3.1823399999999995
300356.SZ,5.438999999999999
300357.SZ,21.861
300358.SZ,6.49257
300359.SZ,4.949
300363.SZ,7.02548
300364.SZ,3.584
300365.SZ,9.244760000000001
300366.SZ,6.496
300367.SZ,5.0001
300368.SZ,6.398
300369.SZ,9.02181
300370.SZ,2.674
300373.SZ,12.90961
300374.SZ,6.896960000000001
300375.SZ,2.8413
300376.SZ,3.8021199999999995
300377.SZ,8.94474
300379.SZ,10.178
300380.SZ,11.73102
300381.SZ,5.987099999999999
300382.SZ,4.892440000000001
300383.SZ,13.79329
300384.SZ,10.142789999999998
300385.SZ,7.8591799999999985
300387.SZ,4.45095
300388.SZ,7.2709
300389.SZ,10.28699
300390.SZ,4.3218
300391.SZ,5.34513
300392.SZ,5.957000000000001
300393.SZ,8.497229999999998
300395.SZ,11.05328
300396.SZ,8.77989
300397.SZ,7.930999999999999
300398.SZ,11.36002
300400.SZ,11.571
300401.SZ,10.172189999999999
300402.SZ,6.6367699999999985
300403.SZ,4.1546400000000006
300404.SZ,6.660010000000001
300405.SZ,4.3358
300407.SZ,5.636399999999999
300409.SZ,10.24912
300410.SZ,7.950039999999999
300411.SZ,6.56047
300412.SZ,4.69
300413.SZ,16.839270000000003
300415.SZ,5.42885
300416.SZ,14.6461
300418.SZ,10.71
300420.SZ,4.51682
300422.SZ,8.10887
300423.SZ,11.41
300424.SZ,13.467579999999998
300425.SZ,3.63811
300426.SZ,4.066999999999998
300427.SZ,9.842
300428.SZ,8.52817
300429.SZ,9.5606
300430.SZ,6.496
300432.SZ,4.872
300433.SZ,4.89286
300435.SZ,6.686469999999999
300436.SZ,21.2135
300437.SZ,8.161999999999999
300438.SZ,13.74709
300439.SZ,12.12316
300440.SZ,6.380779999999999
300441.SZ,6.37252
300442.SZ,10.136000000000001
300443.SZ,10.269
300444.SZ,5.47547
300445.SZ,9.016
300447.SZ,7.111999999999999
300448.SZ,4.34161
300449.SZ,7.2029299999999985
300450.SZ,25.635820000000002
300451.SZ,12.36081
300453.SZ,4.95677
300454.SZ,58.19359
300456.SZ,10.479769999999998
300457.SZ,19.201699999999995
300459.SZ,2.26793
300460.SZ,6.706980000000001
300461.SZ,12.474
300462.SZ,10.39563
300463.SZ,13.8782
300464.SZ,6.475
300465.SZ,5.89771
300466.SZ,4.906999999999999
300467.SZ,14.727999999999998
300469.SZ,9.98816
300470.SZ,18.64898
300471.SZ,4.787019999999999
300472.SZ,9.0447
300473.SZ,26.42213
300474.SZ,31.68011
300476.SZ,10.13453
300477.SZ,8.081430000000001
300478.SZ,12.29095
300480.SZ,8.435
300481.SZ,11.697699999999998
300482.SZ,22.87929
300483.SZ,20.433
300484.SZ,8.897
300486.SZ,10.590929999999998
300487.SZ,20.44
300489.SZ,11.563999999999998
300490.SZ,8.76169
300491.SZ,11.69
300492.SZ,16.42137
300493.SZ,5.44502
300494.SZ,8.519
300495.SZ,10.55901
300496.SZ,25.63281
300497.SZ,12.623589999999998
300498.SZ,17.074820000000003
300499.SZ,7.826139999999999
300501.SZ,10.26319
300502.SZ,17.115
300503.SZ,7.466549999999999
300506.SZ,6.76725
300507.SZ,8.105509999999999
300508.SZ,17.276
300509.SZ,5.803489999999999
300510.SZ,4.48154
300511.SZ,5.96057
300513.SZ,10.27299
300514.SZ,9.4822
300515.SZ,6.659660000000001
300520.SZ,14.74998
300521.SZ,8.56758
300522.SZ,14.2975
300525.SZ,16.782220000000002
300526.SZ,9.126879999999998
300529.SZ,19.29018
300530.SZ,17.90768
300531.SZ,12.00549
300532.SZ,10.0226
300533.SZ,22.783809999999995
300535.SZ,10.67591
300536.SZ,4.06497
300537.SZ,8.161719999999999
300538.SZ,13.932379999999998
300539.SZ,6.204729999999999
300540.SZ,9.470999999999998
300541.SZ,9.989629999999998
300542.SZ,10.955
300543.SZ,12.12421
300545.SZ,15.284429999999999
300546.SZ,14.54376
300547.SZ,6.89843
300548.SZ,22.72438
300550.SZ,21.1267
300551.SZ,9.19282
300552.SZ,13.005999999999998
300553.SZ,22.363670000000003
300555.SZ,6.07033
300556.SZ,14.55034
300558.SZ,28.126
300559.SZ,17.313519999999997
300560.SZ,9.650759999999998
300562.SZ,8.75462
300563.SZ,18.34427
300565.SZ,10.682
300566.SZ,11.410210000000001
300567.SZ,33.69737
300568.SZ,19.46441
300569.SZ,8.955169999999999
300570.SZ,12.41989
300571.SZ,34.852090000000004
300572.SZ,11.98792
300573.SZ,13.28481
300575.SZ,14.6461
300576.SZ,11.933179999999998
300577.SZ,22.19462
300578.SZ,18.65339
300581.SZ,7.447019999999998
300582.SZ,7.902999999999999
300583.SZ,27.847259999999995
300584.SZ,20.10001
300585.SZ,6.320999999999999
300586.SZ,9.009
300587.SZ,7.1482600000000005
300588.SZ,8.785
300591.SZ,4.97
300592.SZ,6.922999999999999
300595.SZ,23.45
300596.SZ,23.13283
300598.SZ,16.55444
300599.SZ,8.298779999999999
300600.SZ,7.12621
300601.SZ,36.59354999999999
300602.SZ,14.253820000000001
300603.SZ,11.47384
300604.SZ,12.91682
300605.SZ,9.097760000000001
300606.SZ,12.11567
300607.SZ,28.88053
300608.SZ,12.85186
300609.SZ,18.8398
300612.SZ,9.87
300613.SZ,68.51068000000001
300615.SZ,15.323
300617.SZ,16.586920000000003
300618.SZ,40.87104
300619.SZ,20.693820000000002
300620.SZ,23.30566
300621.SZ,8.565760000000001
300622.SZ,10.09708
300626.SZ,6.089999999999999
300627.SZ,14.41013
300630.SZ,27.74877
300632.SZ,11.82825
300633.SZ,21.02807
300634.SZ,16.770670000000003
300635.SZ,11.96818
300636.SZ,14.754600000000002
300637.SZ,8.23823
300638.SZ,41.46401
300639.SZ,10.50287
300642.SZ,27.85566
300643.SZ,6.1389999999999985
300645.SZ,11.589969999999996
300647.SZ,10.67612
300648.SZ,12.782
300650.SZ,10.10926
300651.SZ,13.65553
300654.SZ,8.20246
300655.SZ,11.648
300656.SZ,15.5379
300657.SZ,16.499000000000002
300658.SZ,9.540510000000001
300660.SZ,9.861460000000001
300661.SZ,34.09252
300662.SZ,25.39978
300663.SZ,21.7
300664.SZ,8.274
300665.SZ,8.231089999999998
300666.SZ,31.922240000000002
300667.SZ,19.467
300670.SZ,8.303609999999999
300672.SZ,21.79534
300676.SZ,53.72310999999999
300677.SZ,11.368
300679.SZ,20.706
300680.SZ,13.7914
300681.SZ,18.490779999999997
300682.SZ,11.85268
300686.SZ,8.57668
300688.SZ,22.39888
300689.SZ,21.17479
300690.SZ,11.602779999999996
300691.SZ,13.03407
300693.SZ,11.407760000000001
300697.SZ,9.38
300700.SZ,17.752
300702.SZ,23.814
300707.SZ,11.30164
300708.SZ,9.25876
300709.SZ,35.42
300710.SZ,16.57355
300712.SZ,7.986999999999999
300715.SZ,15.55456
300716.SZ,9.32715
300720.SZ,14.087079999999998
300721.SZ,13.577060000000001
300722.SZ,19.34457
300723.SZ,31.366999999999997
300725.SZ,40.047
300729.SZ,18.29534
300731.SZ,14.59423
300736.SZ,9.10994
300737.SZ,6.369999999999999
300738.SZ,20.32765
300739.SZ,10.563
300740.SZ,6.61136
300743.SZ,18.61636
300749.SZ,9.982000000000001
300750.SZ,53.10781
300753.SZ,24.22
300757.SZ,22.90519
300758.SZ,26.061
300760.SZ,77.50743
300762.SZ,45.157
300776.SZ,94.976
600010.SH,1.4468999999999996
600016.SH,4.7965399999999985
600022.SH,1.2663
600023.SH,3.5961800000000004
600031.SH,7.111579999999999
600035.SH,2.55822
600051.SH,4.15457
600052.SH,2.48129
600053.SH,17.24429
600055.SH,7.027999999999999
600057.SH,3.3539099999999995
600063.SH,1.69582
600067.SH,2.54107
600070.SH,5.567099999999999
600076.SH,3.23211
600077.SH,2.06409
600078.SH,2.29012
600079.SH,8.457609999999999
600089.SH,5.819099999999999
600090.SH,3.75529
600094.SH,3.1128299999999998
600099.SH,3.822
600105.SH,3.62201
600106.SH,2.4374
600109.SH,5.5827800000000005
600110.SH,3.61956
600111.SH,8.17348
600114.SH,5.493530000000001
600117.SH,2.499
600121.SH,2.02251
600129.SH,7.580019999999998
600130.SH,2.569
600136.SH,7.839999999999999
600137.SH,9.292010000000001
600141.SH,9.030489999999999
600143.SH,2.64831
600152.SH,4.158
600153.SH,5.35087
600155.SH,7.622999999999999
600156.SH,3.325
600160.SH,5.09173
600162.SH,1.85395
600167.SH,6.19227
600171.SH,8.047410000000001
600172.SH,2.926
600173.SH,2.97605
600175.SH,1.813
600176.SH,7.1612100000000005
600177.SH,4.529
600180.SH,6.435799999999999
600185.SH,2.89142
600187.SH,1.862
600189.SH,2.5340000000000003
600190.SH,2.83192
600190.SH,2.83192
600200.SH,4.662
600201.SH,12.9304
600202.SH,2.387
600208.SH,2.7486900000000003
600211.SH,17.3327
600217.SH,4.893
600219.SH,1.6303
600220.SH,1.9579
600221.SH,1.694
600226.SH,2.30867
600227.SH,2.205
600231.SH,2.5175499999999995
600232.SH,5.23922
600233.SH,8.783529999999999
600237.SH,2.94
600241.SH,4.921
600242.SH,6.496
600243.SH,3.528
600246.SH,3.17506
600251.SH,3.91405
600255.SH,1.246
600256.SH,3.0359700000000003
600258.SH,13.130460000000001
600260.SH,11.12097
600273.SH,7.6019999999999985
600277.SH,4.09185
600282.SH,2.42382
600285.SH,6.657489999999999
600290.SH,3.619
600291.SH,8.377460000000001
600293.SH,3.227
600295.SH,6.77432
600297.SH,3.54088
600298.SH,15.932629999999998
600300.SH,2.64173
600305.SH,6.45449
600306.SH,4.5360000000000005
600309.SH,31.167919999999995
600318.SH,5.18
600319.SH,3.234
600325.SH,5.24195
600328.SH,6.0745999999999984
600330.SH,5.31405
600331.SH,1.7779999999999998
600336.SH,3.01112
600337.SH,3.528
600338.SH,10.54081
600340.SH,21.32487
600346.SH,9.15355
600348.SH,4.6606
600351.SH,4.90616
600352.SH,7.3189199999999985
600353.SH,3.647
600354.SH,2.8489999999999998
600358.SH,2.632
600360.SH,4.30934
600361.SH,3.15721
600363.SH,6.858809999999999
600365.SH,3.36
600370.SH,2.4136
600378.SH,7.9618699999999984
600380.SH,5.936
600381.SH,4.935
600382.SH,5.15487
600387.SH,5.996619999999999
600388.SH,8.463
600389.SH,13.0788
600392.SH,7.695239999999999
600395.SH,4.272379999999999
600398.SH,6.713069999999999
600399.SH,2.212
600400.SH,3.29497
600403.SH,3.2221
600410.SH,7.531999999999999
600416.SH,4.921
600419.SH,12.65607
600421.SH,4.095
600438.SH,9.9673
600439.SH,2.2274700000000003
600446.SH,13.454
600448.SH,2.842
600460.SH,11.63141
600466.SH,4.6771199999999995
600467.SH,2.15915
600477.SH,2.7622
600478.SH,3.9410000000000003
600487.SH,13.79623
600490.SH,3.885
600491.SH,5.325740000000001
600496.SH,2.51881
600497.SH,3.6778699999999995
600499.SH,3.829
600507.SH,7.986439999999999
600507.SH,7.986439999999999
600515.SH,4.158
600516.SH,8.613639999999998
600520.SH,9.485
600521.SH,9.925999999999998
600522.SH,6.9157899999999985
600525.SH,4.4449999999999985
600527.SH,1.65816
600529.SH,7.1344699999999985
600530.SH,3.5649599999999997
600531.SH,3.89291
600533.SH,2.63123
600535.SH,11.683
600537.SH,2.779
600538.SH,3.766
600539.SH,4.725
600543.SH,5.754
600545.SH,6.20389
600555.SH,2.233
600557.SH,7.578689999999999
600559.SH,8.036
600561.SH,4.8664000000000005
600566.SH,26.752879999999998
600567.SH,3.03975
600569.SH,2.00613
600571.SH,7.845669999999998
600572.SH,5.16705
600576.SH,3.542
600577.SH,2.64621
600580.SH,5.985
600584.SH,7.231
600585.SH,13.18058
600586.SH,2.25078
600586.SH,2.25078
600588.SH,18.851
600589.SH,3.4712999999999994
600590.SH,4.675999999999998
600593.SH,17.604999999999997
600594.SH,4.053
600594.SH,4.053
600603.SH,3.1498599999999994
600605.SH,5.94258
600606.SH,5.35612
600609.SH,2.716
600613.SH,5.550999999999998
600617.SH,4.47825
600619.SH,7.450799999999999
600621.SH,8.533489999999999
600635.SH,4.67005
600638.SH,6.145999999999999
600641.SH,7.604519999999999
600643.SH,6.51693
600645.SH,14.798
600657.SH,2.7881
600658.SH,3.4160000000000004
600661.SH,14.635319999999998
600665.SH,3.0366
600671.SH,11.095
600673.SH,6.489069999999999
600677.SH,11.235
600679.SH,10.241
600681.SH,6.9768300000000005
600682.SH,8.337
600683.SH,3.234
600693.SH,5.07948
600694.SH,19.145
600695.SH,2.359
600699.SH,13.18709
600703.SH,8.924999999999997
600707.SH,3.612
600710.SH,2.78313
600711.SH,4.4934400000000005
600721.SH,4.1160000000000005
600725.SH,2.338
600728.SH,6.957999999999998
600734.SH,4.794999999999999
600735.SH,4.993449999999998
600738.SH,5.228999999999999
600739.SH,9.184
600745.SH,23.884
600749.SH,6.58
600750.SH,9.61016
600753.SH,11.941999999999998
600758.SH,2.47856
600763.SH,58.94
600764.SH,18.27112
600770.SH,4.333
600771.SH,13.852999999999998
600782.SH,4.221419999999998
600797.SH,6.990480000000001
600803.SH,8.63373
600805.SH,3.052
600810.SH,5.32308
600811.SH,3.0449999999999995
600818.SH,7.88347
600823.SH,3.17394
600828.SH,4.27875
600829.SH,5.228999999999999
600836.SH,3.38751
600844.SH,2.779
600847.SH,8.302
600848.SH,13.320089999999999
600853.SH,2.29691
600859.SH,10.72974
600863.SH,1.54014
600866.SH,3.241
600867.SH,12.43032
600869.SH,4.102
600872.SH,24.373720000000002
600873.SH,3.3635
600876.SH,7.8260000000000005
600882.SH,6.656999999999999
600885.SH,19.00542
600887.SH,21.644000000000002
600892.SH,4.004
600896.SH,3.3739999999999997
600903.SH,10.41838
600908.SH,3.969
600909.SH,4.7691
600919.SH,4.56743
600926.SH,6.91628
600928.SH,5.334
600939.SH,3.16197
600959.SH,3.8809400000000003
600963.SH,3.52828
600965.SH,8.4259
600966.SH,2.75597
600971.SH,4.127619999999999
600975.SH,3.031
600978.SH,2.93636
600979.SH,3.5307999999999997
600984.SH,3.696
600986.SH,3.37225
600988.SH,3.696
600993.SH,10.20215
600997.SH,4.0551
600998.SH,11.8776
601003.SH,4.20966
601005.SH,1.582
601011.SH,5.169009999999999
601012.SH,16.57026
601015.SH,3.13411
601020.SH,5.5856499999999984
601021.SH,22.6107
601028.SH,4.06
601058.SH,2.36124
601086.SH,3.61081
601099.SH,1.95944
601106.SH,2.1
601113.SH,6.0365199999999986
601127.SH,11.99646
601137.SH,5.666289999999999
601139.SH,4.05657
601155.SH,20.2678
601162.SH,6.9369999999999985
601169.SH,4.783239999999998
601211.SH,10.30113
601212.SH,3.115
601216.SH,2.7230000000000003
601222.SH,3.14874
601233.SH,8.444939999999999
601311.SH,7.777979999999999
601360.SH,15.585360000000001
601500.SH,5.35535
601515.SH,4.02199
601519.SH,2.2680000000000002
601555.SH,5.0288
601566.SH,9.93237
601577.SH,7.0612499999999985
601579.SH,6.878410000000001
601599.SH,2.62038
601616.SH,2.77452
601633.SH,5.824
601636.SH,3.08609
601666.SH,2.891
601677.SH,6.51357
601678.SH,4.263
601700.SH,4.0551
601717.SH,4.6564
601777.SH,3.0449999999999995
601789.SH,2.75506
601828.SH,10.255
601877.SH,15.72305
601886.SH,6.185969999999998
601890.SH,2.884
601899.SH,2.10994
601901.SH,4.08527
601933.SH,7.195999999999999
601966.SH,11.827759999999998
601997.SH,6.4392299999999985
603001.SH,8.80257
603003.SH,6.600999999999999
603005.SH,9.74323
603006.SH,10.024
603007.SH,6.81807
603008.SH,8.407
603009.SH,5.27877
603010.SH,8.85752
603011.SH,3.5168699999999995
603012.SH,6.4394399999999985
603015.SH,4.72682
603016.SH,12.34814
603017.SH,8.889999999999997
603021.SH,4.64625
603022.SH,5.37901
603023.SH,2.97472
603027.SH,9.06269
603028.SH,7.475160000000001
603029.SH,10.63209
603030.SH,4.83665
603031.SH,10.438260000000001
603033.SH,12.914089999999998
603037.SH,10.986360000000001
603038.SH,10.50427
603041.SH,13.09742
603055.SH,5.59657
603056.SH,10.27362
603058.SH,6.74275
603063.SH,6.636419999999999
603067.SH,4.5177299999999985
603077.SH,1.5282399999999998
603079.SH,11.26398
603080.SH,12.537
603081.SH,8.09662
603083.SH,17.226999999999997
603085.SH,5.29977
603096.SH,44.43789
603098.SH,7.5831
603099.SH,8.061199999999998
603100.SH,6.23
603101.SH,5.382999999999999
603108.SH,8.017380000000001
603110.SH,7.143219999999999
603113.SH,8.544199999999998
603117.SH,3.2530399999999995
603118.SH,4.0663
603127.SH,25.78205
603129.SH,13.898989999999998
603133.SH,10.724
603138.SH,9.30713
603139.SH,12.402039999999998
603157.SH,4.9
603158.SH,12.87384
603160.SH,78.57968999999999
603165.SH,12.607
603166.SH,4.746
603168.SH,5.93971
603169.SH,5.257000000000001
603177.SH,8.267000000000001
603179.SH,10.60269
603180.SH,43.30417
603186.SH,8.733199999999998
603189.SH,9.34052
603196.SH,7.3843
603197.SH,14.009869999999998
603200.SH,19.054560000000002
603208.SH,17.77678
603220.SH,22.81097
603222.SH,7.71022
603223.SH,5.84353
603228.SH,24.15112
603233.SH,26.391609999999996
603239.SH,8.00142
603258.SH,20.426
603260.SH,27.966540000000002
603266.SH,7.1087099999999985
603268.SH,11.27
603278.SH,8.176
603283.SH,13.40164
603286.SH,9.94658
603289.SH,5.799079999999999
603300.SH,5.474
603305.SH,19.31811
603306.SH,11.03179
603308.SH,7.132929999999999
603309.SH,12.957
603311.SH,8.19448
603313.SH,12.33736
603315.SH,9.37538
603316.SH,6.88205
603318.SH,17.29
603319.SH,10.13005
603322.SH,14.04578
603323.SH,4.674180000000001
603329.SH,9.741969999999998
603330.SH,11.74257
603333.SH,6.24442
603336.SH,10.24576
603348.SH,13.86
603356.SH,9.389309999999998
603358.SH,8.064630000000001
603360.SH,18.44255
603363.SH,13.20984
603368.SH,23.4584
603369.SH,10.65995
603377.SH,11.13826
603378.SH,8.766449999999999
603380.SH,12.353530000000001
603387.SH,17.61935
603388.SH,5.65845
603393.SH,19.43445
603396.SH,14.59094
603398.SH,5.80076
603399.SH,7.705319999999999
603416.SH,15.27155
603421.SH,9.87224
603429.SH,16.593429999999998
603444.SH,67.02129000000001
603456.SH,5.6629999999999985
603458.SH,18.1909
603477.SH,5.37327
603488.SH,5.6771400000000005
603496.SH,13.675059999999998
603499.SH,10.76124
603501.SH,35.9772
603505.SH,14.665
603506.SH,12.970999999999998
603507.SH,14.19551
603508.SH,30.27108
603515.SH,22.69967
603517.SH,22.2397
603520.SH,15.10019
603533.SH,12.22746
603557.SH,6.42208
603558.SH,7.162329999999999
603567.SH,11.331459999999998
603568.SH,12.08018
603569.SH,10.0919
603577.SH,7.787219999999999
603578.SH,13.573
603588.SH,8.3216
603589.SH,28.99995
603590.SH,26.327
603595.SH,17.884159999999994
603598.SH,7.0699999999999985
603600.SH,5.43732
603602.SH,11.34959
603603.SH,10.079930000000001
603605.SH,42.56
603606.SH,5.949999999999998
603608.SH,5.166
603609.SH,9.324279999999998
603611.SH,10.010419999999998
603612.SH,9.87133
603615.SH,7.063
603616.SH,8.307739999999999
603619.SH,12.65747
603626.SH,6.29678
603628.SH,6.5135
603630.SH,11.199649999999998
603633.SH,6.768860000000001
603636.SH,8.491769999999999
603638.SH,13.166019999999998
603658.SH,45.35999999999999
603659.SH,36.76036
603663.SH,9.436
603665.SH,19.46602
603667.SH,6.7074
603668.SH,7.004269999999999
603669.SH,5.42122
603676.SH,8.992199999999997
603677.SH,10.09617
603678.SH,13.420329999999998
603679.SH,31.241
603683.SH,12.03776
603685.SH,9.79076
603686.SH,6.963949999999999
603688.SH,8.41792
603690.SH,13.32464
603696.SH,4.84288
603699.SH,8.73376
603703.SH,6.23
603707.SH,16.36978
603708.SH,10.346210000000001
603711.SH,15.707370000000001
603716.SH,13.782369999999998
603717.SH,7.307999999999999
603722.SH,15.23704
603725.SH,6.0374300000000005
603729.SH,11.809000000000001
603737.SH,29.4
603739.SH,17.612000000000002
603766.SH,3.40249
603768.SH,9.856630000000001
603773.SH,22.37809
603776.SH,11.72108
603778.SH,3.0169999999999995
603779.SH,12.22984
603789.SH,8.729
603799.SH,15.666
603800.SH,8.68
603801.SH,12.271839999999996
603806.SH,17.720779999999994
603816.SH,24.59471
603818.SH,6.454
603819.SH,8.416239999999998
603822.SH,19.3438
603825.SH,9.54079
603828.SH,4.4104899999999985
603838.SH,6.3495599999999985
603839.SH,8.394329999999998
603843.SH,4.47013
603855.SH,5.9220000000000015
603858.SH,15.989259999999998
603859.SH,14.23079
603866.SH,27.02798
603869.SH,9.006129999999997
603876.SH,10.206
603877.SH,12.382649999999998
603878.SH,6.329609999999999
603879.SH,6.167000000000001
603880.SH,8.03656
603881.SH,16.696749999999998
603882.SH,12.99515
603883.SH,41.87729
603885.SH,8.568
603887.SH,9.1
603890.SH,7.227989999999999
603897.SH,17.440920000000002
603900.SH,9.18799
603901.SH,5.925709999999999
603903.SH,10.55943
603906.SH,5.85242
603909.SH,16.02741
603917.SH,8.074710000000001
603918.SH,7.95914
603919.SH,10.87387
603936.SH,9.986130000000001
603939.SH,39.67768
603955.SH,12.747
603959.SH,7.73584
603969.SH,3.70867
603977.SH,6.785099999999999
603979.SH,6.741560000000001
603980.SH,6.149219999999999
603985.SH,11.39194
603986.SH,39.69959
603987.SH,4.48861
603988.SH,7.933379999999999
603989.SH,14.464449999999998
603990.SH,21.72744
603991.SH,15.639399999999998
603997.SH,6.1054
603998.SH,4.38991
603998.SH,4.38991
