trade_date,open,high,low,close,pre_close,change,pct_chg,vol,amount
2017-08-17,8.07,8.08,7.96,8.03,8.09,-0.06,-0.74,102972.92,82496.05
2017-08-18,8.02,8.05,7.91,8.0,8.03,-0.03,-0.37,92122.09,73772.431
2017-08-21,8.06,8.25,8.06,8.19,8.0,0.19,2.38,120437.19,98491.899
2017-08-22,8.23,8.28,8.08,8.11,8.19,-0.08,-0.98,86472.34,70681.069
2017-08-23,8.05,8.1,8.01,8.05,8.11,-0.06,-0.74,43513.5,35021.809
2017-08-24,8.05,8.26,8.04,8.1,8.05,0.05,0.62,83593.28,68099.351
2017-08-25,8.13,8.16,8.03,8.11,8.1,0.01,0.12,61336.53,49593.541
2017-08-28,8.15,8.17,8.08,8.15,8.11,0.04,0.49,77396.55,62967.083
2017-08-29,8.15,8.15,7.96,7.99,8.15,-0.16,-1.96,100359.92,80554.137
2017-08-30,7.98,8.04,7.96,8.02,7.99,0.03,0.38,76480.51,61206.776
2017-08-31,8.04,8.06,7.94,8.06,8.02,0.04,0.5,137975.79,110465.801
2017-09-01,8.02,8.04,7.95,7.98,8.06,-0.08,-0.99,83302.17,66415.342
2017-09-04,7.94,8.07,7.93,8.05,7.98,0.07,0.88,71288.92,57105.072
2017-09-05,8.05,8.27,8.04,8.26,8.05,0.21,2.61,176090.29,144045.143
2017-09-06,8.25,8.26,8.13,8.16,8.26,-0.1,-1.21,111522.86,91473.761
2017-09-07,8.15,8.24,8.15,8.23,8.16,0.07,0.86,66518.91,54617.583
2017-09-08,8.23,8.49,8.18,8.36,8.23,0.13,1.58,143121.8,119590.382
2017-09-11,8.4,8.48,8.31,8.43,8.36,0.07,0.84,93130.15,78320.054
2017-09-12,8.42,8.5,8.32,8.39,8.43,-0.04,-0.47,70375.66,58963.925
2017-09-13,8.39,8.41,8.26,8.32,8.39,-0.07,-0.83,66344.89,55124.369
2017-09-14,8.32,8.48,8.29,8.46,8.32,0.14,1.68,103348.16,86868.777
2017-09-15,8.46,8.96,8.4,8.95,8.46,0.49,5.79,283722.65,247814.086
2017-09-19,9.25,9.32,8.87,9.26,8.95,0.31,3.46,420986.05,385356.034
2017-09-20,9.26,9.35,9.05,9.2,9.26,-0.06,-0.65,206402.44,189829.936
2017-09-21,9.12,9.2,8.96,9.14,9.2,-0.06,-0.65,104308.88,94413.156
2017-09-22,9.09,9.12,8.87,9.1,9.14,-0.04,-0.44,118431.03,106562.27
2017-09-25,9.09,9.13,8.81,8.92,9.1,-0.18,-1.98,57398.7,51395.666
2017-09-26,8.89,8.94,8.65,8.74,8.92,-0.18,-2.02,78354.49,68606.139
2017-09-27,8.82,8.82,8.58,8.62,8.74,-0.12,-1.37,83208.35,71696.408
2017-09-28,8.69,8.75,8.61,8.62,8.62,0.0,0.0,81490.2,70763.832
2017-09-29,8.61,9.05,8.61,9.03,8.62,0.41,4.76,135593.89,120467.972
2017-10-09,9.02,9.15,9.0,9.11,9.03,0.08,0.89,87631.42,79543.463
2017-10-10,9.15,9.2,9.05,9.17,9.11,0.06,0.66,92097.42,84179.647
2017-10-11,9.19,9.19,8.99,9.05,9.17,-0.12,-1.31,78046.75,70609.515
2017-10-12,9.04,9.16,8.81,9.12,9.05,0.07,0.77,87462.41,78722.767
2017-10-13,9.03,9.11,8.95,9.0,9.12,-0.12,-1.32,56935.38,51353.663
2017-10-16,8.99,9.25,8.99,9.2,9.0,0.2,2.22,144321.6,132277.445
2017-10-17,9.23,9.28,9.1,9.19,9.2,-0.01,-0.11,64607.84,59410.75
2017-10-18,9.22,9.26,9.15,9.22,9.19,0.03,0.33,68319.39,62906.327
2017-10-19,9.21,9.21,9.0,9.05,9.22,-0.17,-1.84,79360.0,71921.245
2017-10-20,9.04,9.04,8.77,8.94,9.05,-0.11,-1.22,69071.36,61262.064
2017-10-23,8.94,8.97,8.81,8.87,8.94,-0.07,-0.78,36339.51,32217.372
2017-10-24,8.87,8.94,8.81,8.88,8.87,0.01,0.11,37218.28,32983.643
2017-10-25,8.88,8.94,8.85,8.92,8.88,0.04,0.45,37630.0,33448.604
2017-10-26,8.94,9.73,8.92,9.46,8.92,0.54,6.05,288321.8,267762.876
2017-10-27,9.35,9.35,9.09,9.23,9.46,-0.23,-2.43,194953.17,179440.239
2017-10-30,9.22,9.36,9.0,9.29,9.23,0.06,0.65,200207.24,185300.289
2017-10-31,9.3,9.34,9.09,9.18,9.29,-0.11,-1.18,105202.37,96473.85
2017-11-01,9.15,9.22,9.09,9.16,9.18,-0.02,-0.22,81144.0,74070.073
2017-11-02,9.17,9.22,9.1,9.17,9.16,0.01,0.11,98801.2,90572.056
2017-11-03,9.17,9.27,8.8,9.24,9.17,0.07,0.76,211391.07,191394.934
2017-11-06,9.2,9.26,9.09,9.19,9.24,-0.05,-0.54,86248.26,79217.826
2017-11-07,9.2,9.24,9.1,9.11,9.19,-0.08,-0.87,56060.0,51233.104
2017-11-08,9.11,9.15,8.91,8.96,9.11,-0.15,-1.65,86593.92,77849.749
2017-11-09,8.96,8.96,8.85,8.91,8.96,-0.05,-0.56,52108.58,46295.499
2017-11-10,8.91,9.02,8.85,9.01,8.91,0.1,1.12,56698.75,50667.272
2017-11-13,8.97,9.01,8.89,8.91,9.01,-0.1,-1.11,48181.32,42962.332
2017-11-14,8.95,9.0,8.8,8.93,8.91,0.02,0.22,69997.93,62074.683
2017-11-15,8.9,9.08,8.71,9.07,8.93,0.14,1.57,85467.31,75858.345
2017-11-16,9.01,9.01,8.9,8.97,9.07,-0.1,-1.1,51250.0,45857.153
2017-11-17,8.95,8.95,8.78,8.84,8.97,-0.13,-1.45,58776.89,51883.134
2017-11-20,8.78,8.9,8.5,8.9,8.84,0.06,0.68,39565.61,34702.943
2017-11-21,8.88,8.98,8.81,8.85,8.9,-0.05,-0.56,46804.0,41684.522
2017-11-22,8.91,8.93,8.83,8.88,8.85,0.03,0.34,37931.88,33678.108
2017-11-23,8.88,9.09,8.76,8.84,8.88,-0.04,-0.45,70899.0,63346.908
2017-11-24,8.79,8.94,8.37,8.57,8.84,-0.27,-3.05,98626.01,84991.714
2017-11-27,8.43,8.55,8.18,8.28,8.57,-0.29,-3.38,73388.03,60815.74
2017-11-28,8.23,8.39,8.18,8.34,8.28,0.06,0.72,38774.11,32145.879
2017-11-29,8.3,8.35,8.18,8.35,8.34,0.01,0.12,40933.25,33811.532
2017-11-30,8.37,8.56,8.37,8.48,8.35,0.13,1.56,90896.26,77028.369
2017-12-01,8.48,8.74,8.41,8.59,8.48,0.11,1.3,56890.54,49033.674
2017-12-04,8.59,8.66,8.46,8.53,8.59,-0.06,-0.7,43286.85,36961.635
2017-12-05,8.53,8.68,8.4,8.54,8.53,0.01,0.12,66434.7,56688.534
2017-12-06,8.54,8.62,8.42,8.5,8.54,-0.04,-0.47,56577.7,48093.645
2017-12-07,8.43,8.5,8.2,8.3,8.5,-0.2,-2.35,46308.51,38546.728
2017-12-08,8.3,8.46,8.22,8.45,8.3,0.15,1.81,66673.0,55598.523
2017-12-11,8.76,8.88,8.45,8.6,8.45,0.15,1.78,126981.0,109878.511
2017-12-12,8.6,8.6,8.35,8.38,8.6,-0.22,-2.56,54999.0,46376.142
2017-12-13,8.38,8.47,8.28,8.3,8.38,-0.08,-0.95,71213.27,59281.788
2017-12-14,8.33,8.42,8.25,8.31,8.3,0.01,0.12,38993.14,32447.327
2017-12-15,8.25,8.36,8.23,8.34,8.31,0.03,0.36,33317.69,27696.438
2017-12-18,8.38,8.47,8.35,8.42,8.34,0.08,0.96,41957.04,35247.275
2017-12-19,8.39,8.53,8.34,8.51,8.42,0.09,1.07,65472.54,55215.307
2017-12-20,8.48,8.61,8.4,8.52,8.51,0.01,0.12,85731.13,73030.852
2017-12-21,8.45,8.54,8.39,8.47,8.52,-0.05,-0.59,42795.15,36267.214
2017-12-22,8.47,8.59,8.46,8.51,8.47,0.04,0.47,46081.34,39275.824
2017-12-25,8.51,8.56,8.4,8.52,8.51,0.01,0.12,62911.5,53470.192
2017-12-26,8.52,8.78,8.35,8.75,8.52,0.23,2.7,110810.3,94908.517
2017-12-27,8.7,8.79,8.59,8.72,8.75,-0.03,-0.34,110198.0,95569.045
2017-12-28,8.54,8.75,8.5,8.66,8.72,-0.06,-0.69,91027.9,78280.365
2017-12-29,8.74,8.86,8.59,8.75,8.66,0.09,1.04,122298.88,107108.396
2018-01-02,8.75,8.82,8.7,8.77,8.75,0.02,0.23,82899.99,72523.239
2018-01-03,8.77,8.82,8.68,8.75,8.77,-0.02,-0.23,70006.22,61197.41
2018-01-04,8.72,8.76,8.58,8.68,8.75,-0.07,-0.8,76263.33,66028.563
2018-01-05,8.68,8.7,8.5,8.55,8.68,-0.13,-1.5,83275.73,71267.988
2018-01-08,8.54,8.56,8.4,8.47,8.55,-0.08,-0.94,49819.15,42212.579
2018-01-09,8.47,8.52,8.39,8.49,8.47,0.02,0.24,68798.05,58150.131
2018-01-10,8.49,8.54,8.34,8.49,8.49,0.0,0.0,109722.45,92729.396
2018-01-11,8.41,8.58,8.35,8.56,8.49,0.07,0.82,85371.9,72275.53
2018-01-12,8.58,8.72,8.56,8.67,8.56,0.11,1.29,92002.12,79646.251
2018-01-15,8.71,8.73,8.02,8.45,8.67,-0.22,-2.54,78898.57,66728.321
2018-01-16,8.39,8.53,8.32,8.48,8.45,0.03,0.36,77204.67,65229.971
2018-01-17,8.49,8.49,8.33,8.43,8.48,-0.05,-0.59,62416.0,52361.781
2018-01-18,8.38,8.41,8.32,8.37,8.43,-0.06,-0.71,42411.51,35409.218
2018-01-19,8.37,8.39,8.07,8.24,8.37,-0.13,-1.55,94482.93,77473.86
2018-01-22,8.2,8.24,8.08,8.21,8.24,-0.03,-0.36,53045.12,43248.347
2018-01-23,8.21,8.32,8.13,8.32,8.21,0.11,1.34,79888.54,65768.014
2018-01-24,8.32,8.35,8.22,8.32,8.32,0.0,0.0,58528.14,48598.69
2018-01-25,8.32,8.34,8.21,8.26,8.32,-0.06,-0.72,57034.27,46987.257
2018-01-26,8.25,8.35,8.17,8.31,8.26,0.05,0.61,91893.31,75909.165
2018-01-29,8.29,8.38,8.19,8.27,8.31,-0.04,-0.48,59309.04,48999.436
2018-01-30,8.25,8.29,8.21,8.26,8.27,-0.01,-0.12,37943.62,31295.072
2018-01-31,8.24,8.3,8.18,8.28,8.26,0.02,0.24,58500.46,48232.826
2018-02-01,8.27,8.27,8.08,8.18,8.28,-0.1,-1.21,52862.0,43205.495
2018-02-02,8.18,8.18,7.36,8.01,8.18,-0.17,-2.08,156966.91,119423.233
2018-02-05,7.75,7.87,7.4,7.84,8.01,-0.17,-2.12,59477.95,45843.289
2018-02-06,7.61,7.69,7.48,7.61,7.84,-0.23,-2.93,72362.59,54739.363
2018-02-07,7.6,7.8,7.53,7.63,7.61,0.02,0.26,59534.41,45464.839
2018-02-08,7.64,7.76,7.61,7.66,7.63,0.03,0.39,37701.66,28885.964
2018-02-09,7.63,7.76,7.48,7.56,7.66,-0.1,-1.31,79289.53,60025.79
2018-02-12,7.56,7.66,7.56,7.63,7.56,0.07,0.93,37096.43,28185.779
2018-02-13,7.72,7.72,7.62,7.7,7.63,0.07,0.92,22448.3,17244.091
2018-02-14,7.69,7.99,7.68,7.96,7.7,0.26,3.38,38928.26,30600.623
2018-02-22,7.96,8.17,7.96,8.02,7.96,0.06,0.75,42522.63,34268.312
2018-02-23,8.02,8.08,7.84,7.87,8.02,-0.15,-1.87,42848.67,33848.753
2018-02-26,7.9,7.97,7.85,7.91,7.87,0.04,0.51,59019.61,46546.582
2018-02-27,7.88,7.88,7.57,7.78,7.91,-0.13,-1.64,121813.22,93735.497
2018-02-28,7.6,7.63,7.46,7.56,7.78,-0.22,-2.83,151169.52,113606.402
2018-03-01,7.54,7.58,7.49,7.52,7.56,-0.04,-0.53,113348.78,85297.795
2018-03-02,7.52,7.63,7.46,7.61,7.52,0.09,1.2,132757.52,99662.395
2018-03-05,7.6,7.62,7.51,7.55,7.61,-0.06,-0.79,100386.64,75907.877
2018-03-06,7.56,7.65,7.51,7.57,7.55,0.02,0.26,67910.25,51509.669
2018-03-07,7.56,7.56,7.47,7.5,7.57,-0.07,-0.92,52374.0,39415.211
2018-03-08,7.49,7.51,7.45,7.47,7.5,-0.03,-0.4,59812.0,44740.735
2018-03-09,7.47,7.48,7.38,7.45,7.47,-0.02,-0.27,92903.0,68954.516
2018-03-12,7.46,7.5,7.43,7.5,7.45,0.05,0.67,88177.96,65842.534
2018-03-13,7.5,7.52,7.38,7.4,7.5,-0.1,-1.33,160650.98,119370.865
2018-03-14,7.4,7.42,7.32,7.38,7.4,-0.02,-0.27,137155.64,101147.4
2018-03-15,7.38,7.38,7.23,7.27,7.38,-0.11,-1.49,78597.26,57156.458
2018-03-16,7.24,7.33,7.2,7.29,7.27,0.02,0.28,161402.46,116881.642
2018-03-19,7.28,7.29,7.06,7.11,7.29,-0.18,-2.47,133282.52,95107.017
2018-03-20,7.08,7.11,7.0,7.05,7.11,-0.06,-0.84,150914.0,106431.629
2018-03-21,7.05,7.14,7.02,7.07,7.05,0.02,0.28,196556.43,138899.389
2018-03-22,7.08,7.14,6.99,7.05,7.07,-0.02,-0.28,120161.0,84826.08
2018-03-23,7.0,7.08,6.86,7.05,7.05,0.0,0.0,186206.82,129825.596
2018-03-26,7.04,7.04,6.89,7.02,7.05,-0.03,-0.43,177172.53,123599.011
2018-03-27,7.01,7.05,6.98,7.01,7.02,-0.01,-0.14,126175.66,88435.813
2018-03-28,7.01,7.01,6.85,6.87,7.01,-0.14,-2.0,156767.86,108159.398
2018-03-29,6.86,6.9,6.73,6.84,6.87,-0.03,-0.44,120899.57,82010.284
2018-03-30,6.84,6.87,6.78,6.84,6.84,0.0,0.0,69663.92,47531.984
2018-04-02,6.83,6.92,6.8,6.85,6.84,0.01,0.15,97384.48,66701.699
2018-04-03,6.83,6.83,6.68,6.69,6.85,-0.16,-2.34,89364.74,60319.525
2018-04-04,6.69,6.74,6.67,6.71,6.69,0.02,0.3,101855.11,68298.543
2018-04-09,6.71,6.73,6.6,6.64,6.71,-0.07,-1.04,63821.05,42558.254
2018-04-10,6.64,6.69,6.56,6.58,6.64,-0.06,-0.9,124826.08,82488.213
2018-04-11,6.59,6.63,6.5,6.53,6.58,-0.05,-0.76,155599.41,101612.261
2018-04-12,6.52,6.52,6.36,6.37,6.53,-0.16,-2.45,130321.7,83576.538
2018-04-13,6.35,6.39,6.27,6.3,6.37,-0.07,-1.1,144257.0,91119.774
2018-04-16,6.29,6.29,6.01,6.01,6.3,-0.29,-4.6,133967.0,81782.313
2018-05-02,5.8,6.19,5.72,5.78,6.01,-0.23,-3.83,164943.86,96381.781
2018-05-03,5.8,5.88,5.67,5.71,5.78,-0.07,-1.21,217030.92,125025.514
2018-05-04,5.71,5.72,5.56,5.62,5.71,-0.09,-1.58,203810.62,114592.445
2018-05-07,5.63,5.71,5.58,5.68,5.62,0.06,1.07,252530.74,143013.177
2018-05-08,5.71,5.83,5.7,5.78,5.68,0.1,1.76,218184.17,125814.384
2018-05-09,5.81,5.84,5.74,5.74,5.78,-0.04,-0.69,172159.45,99668.516
2018-05-10,5.77,5.78,5.68,5.74,5.74,0.0,0.0,117271.33,67132.958
2018-05-11,5.75,5.75,5.65,5.66,5.74,-0.08,-1.39,183025.32,104360.197
2018-05-14,5.66,5.7,5.57,5.6,5.66,-0.06,-1.06,159197.86,89644.849
2018-05-15,5.6,5.82,5.6,5.78,5.6,0.18,3.21,237369.09,136413.68
2018-05-16,5.78,5.95,5.71,5.91,5.78,0.13,2.25,270300.29,157581.879
2018-05-17,5.9,5.98,5.85,5.93,5.91,0.02,0.34,143055.89,84445.782
2018-05-18,5.99,6.51,5.97,6.31,5.93,0.38,6.41,378341.99,236893.602
2018-05-21,6.35,6.41,6.21,6.28,6.31,-0.03,-0.48,193603.24,121775.981
2018-05-22,6.29,6.29,6.15,6.17,6.28,-0.11,-1.75,163033.04,101050.302
2018-05-23,6.11,6.14,5.98,6.07,6.17,-0.1,-1.62,157928.7,95676.153
2018-05-24,6.04,6.06,5.98,6.02,6.07,-0.05,-0.82,166054.0,99905.696
2018-05-25,6.04,6.09,5.93,5.96,6.02,-0.06,-1.0,86583.47,52016.779
2018-05-28,5.95,5.95,5.57,5.67,5.96,-0.29,-4.87,332114.73,189648.813
2018-05-29,5.63,5.79,5.6,5.74,5.67,0.07,1.23,233452.33,133213.701
2018-05-30,5.67,5.69,5.57,5.64,5.74,-0.1,-1.74,167360.24,94117.593
2018-05-31,5.65,5.7,5.5,5.58,5.64,-0.06,-1.06,229459.24,127830.229
2018-06-01,5.55,5.61,5.05,5.61,5.58,0.03,0.54,300754.58,162179.658
2018-06-04,5.58,5.66,5.05,5.57,5.61,-0.04,-0.71,363616.57,200056.862
2018-06-05,5.26,5.5,5.01,5.01,5.57,-0.56,-10.05,807663.3,414402.351
2018-08-07,4.46,4.46,4.46,4.46,4.96,-0.5,-10.0806,60909.0,27165.414
2018-08-08,4.01,4.01,4.01,4.01,4.46,-0.45,-10.0897,123521.0,49531.921
2018-08-09,3.61,4.36,3.61,4.17,4.01,0.16,3.99,1970198.73,754044.535
2018-08-10,3.99,4.07,3.89,3.95,4.17,-0.22,-5.2758,787934.71,313942.532
2018-08-13,3.93,3.94,3.8,3.88,3.95,-0.07,-1.7722,408715.77,158605.259
2018-08-14,3.89,3.98,3.87,3.88,3.88,0.0,0.0,367111.38,143356.236
2018-08-15,3.91,3.92,3.73,3.76,3.88,-0.12,-3.0928,356897.35,135614.084
2018-08-16,3.69,3.74,3.62,3.7,3.76,-0.06,-1.5957,200172.1,74038.7
2018-08-17,3.75,3.77,3.62,3.63,3.7,-0.07,-1.8919,161600.0,59568.556
2018-08-20,3.63,3.72,3.62,3.67,3.63,0.04,1.1019,214855.38,78715.673
2018-08-21,3.69,3.74,3.66,3.71,3.67,0.04,1.0899,171440.35,63617.793
2018-08-22,3.72,3.73,3.68,3.7,3.71,-0.01,-0.2695,174824.0,64841.489
2018-08-23,3.7,3.73,3.69,3.71,3.7,0.01,0.2703,158255.32,58825.387
2018-08-24,3.71,3.93,3.71,3.86,3.71,0.15,4.0431,394436.58,151780.067
2018-08-27,3.87,3.95,3.81,3.9,3.86,0.04,1.0363,432870.81,168425.4
2018-08-28,3.88,3.97,3.8,3.88,3.9,-0.02,-0.5128,442603.38,172715.442
2018-08-29,3.86,3.91,3.84,3.9,3.88,0.02,0.5155,154800.23,59923.36
2018-08-30,3.91,3.93,3.84,3.9,3.9,0.0,0.0,214732.54,83736.952
2018-08-31,3.92,3.94,3.88,3.9,3.9,0.0,0.0,178487.26,69790.075
2018-09-03,3.9,4.29,3.88,4.22,3.9,0.32,8.2051,674835.35,279969.58
2018-09-04,4.24,4.33,4.13,4.24,4.22,0.02,0.4739,480575.67,203271.439
2018-09-05,4.23,4.32,4.14,4.3,4.24,0.06,1.4151,457559.33,193652.971
2018-09-06,4.26,4.73,4.25,4.62,4.3,0.32,7.4419,861495.65,393131.496
2018-09-07,4.64,4.8,4.5,4.73,4.62,0.11,2.381,736190.39,341999.276
2018-09-10,5.0,5.0,4.65,4.66,4.73,-0.07,-1.4799,807194.15,388213.529
2018-09-11,4.66,4.66,4.37,4.57,4.66,-0.09,-1.9313,422540.99,191388.369
2018-09-12,4.56,4.62,4.52,4.59,4.57,0.02,0.4376,175606.0,80299.094
2018-09-13,4.57,4.62,4.48,4.56,4.59,-0.03,-0.6536,208146.3,94351.294
2018-09-14,4.59,4.6,4.52,4.56,4.56,0.0,0.0,149114.58,68059.016
2018-09-17,4.58,4.58,4.45,4.57,4.56,0.01,0.2193,144988.59,65536.268
2018-09-18,4.53,4.75,4.5,4.7,4.57,0.13,2.8446,227129.0,104875.907
2018-09-19,4.66,4.79,4.53,4.63,4.7,-0.07,-1.4894,546218.0,253747.646
2018-09-20,4.6,4.6,4.51,4.59,4.63,-0.04,-0.8639,337157.31,153612.01
2018-09-21,4.58,4.63,4.52,4.57,4.59,-0.02,-0.4357,168750.03,77256.818
2018-09-25,4.55,4.58,4.5,4.56,4.57,-0.01,-0.2188,124860.6,56779.485
2018-09-26,4.55,4.56,4.52,4.53,4.56,-0.03,-0.6579,136094.0,61758.432
2018-09-27,4.52,4.53,4.26,4.4,4.53,-0.13,-2.8698,347727.78,152235.669
2018-09-28,4.5,4.58,4.39,4.4,4.4,0.0,0.0,302956.9,134243.447
2018-10-08,4.41,4.42,4.32,4.4,4.4,0.0,0.0,225627.09,98456.769
2018-10-09,4.37,4.38,4.31,4.38,4.4,-0.02,-0.4545,217768.17,94582.031
2018-10-10,4.36,4.38,4.32,4.37,4.38,-0.01,-0.2283,177143.0,77132.228
2018-10-11,4.32,4.32,4.0,4.11,4.37,-0.26,-5.9497,391382.1,162757.664
2018-10-12,4.04,4.13,3.96,3.96,4.11,-0.15,-3.6496,502994.34,202516.241
2018-10-15,4.0,4.04,3.84,3.85,3.96,-0.11,-2.7778,327354.63,129235.05
2018-10-16,3.86,3.9,3.47,3.54,3.85,-0.31,-8.0519,1059999.84,380257.234
2018-10-17,3.6,3.68,3.4,3.68,3.54,0.14,3.9548,651384.7,231522.761
2018-10-18,3.63,3.71,3.48,3.58,3.68,-0.1,-2.7174,518968.92,187532.59
2018-10-19,3.57,3.94,3.55,3.92,3.58,0.34,9.4972,726953.48,276713.18
2018-10-22,3.94,4.08,3.85,4.01,3.92,0.09,2.2959,778829.74,312065.311
2018-10-23,4.03,4.09,3.97,4.04,4.01,0.03,0.7481,429358.97,173414.065
2018-10-24,4.04,4.18,4.02,4.07,4.04,0.03,0.7426,394885.04,161839.323
2018-10-25,3.97,4.17,3.94,4.17,4.07,0.1,2.457,476379.09,195180.404
2018-10-26,4.2,4.32,4.18,4.25,4.17,0.08,1.9185,397530.95,169040.413
2018-10-29,4.27,4.33,4.17,4.21,4.25,-0.04,-0.9412,388769.93,164657.379
2018-10-30,4.25,4.3,4.2,4.3,4.21,0.09,2.1378,403370.56,172066.856
2018-10-31,4.29,4.41,4.29,4.41,4.3,0.11,2.5581,376614.93,164167.676
2018-11-01,4.43,4.47,4.31,4.35,4.41,-0.06,-1.3605,470410.19,205808.902
2018-11-02,4.37,4.43,4.31,4.37,4.35,0.02,0.4598,405368.64,176594.965
2018-11-05,4.41,4.53,4.41,4.52,4.37,0.15,3.4325,515524.47,230972.953
2018-11-06,4.48,4.48,4.38,4.43,4.52,-0.09,-1.9912,485807.6,215123.776
2018-11-12,3.99,4.34,3.99,4.22,4.43,-0.21,-4.7404,1635505.81,679190.624
2018-11-13,4.14,4.33,4.12,4.3,4.22,0.08,1.8957,649760.66,275614.049
2018-11-14,4.29,4.35,4.19,4.22,4.3,-0.08,-1.8605,363980.6,154947.628
2018-11-15,4.2,4.26,4.15,4.23,4.22,0.01,0.237,359325.43,151537.478
2018-11-16,4.22,4.24,4.15,4.21,4.23,-0.02,-0.4728,355013.83,148940.019
2018-11-19,4.2,4.2,4.13,4.17,4.21,-0.04,-0.9501,334725.39,139244.886
2018-11-20,4.19,4.19,4.0,4.03,4.17,-0.14,-3.3573,397257.96,161851.309
2018-11-21,4.01,4.23,3.96,4.23,4.03,0.2,4.9628,550926.26,228248.233
2018-11-22,4.24,4.26,4.12,4.19,4.23,-0.04,-0.9456,317501.54,132523.851
2018-11-23,4.19,4.19,4.01,4.05,4.19,-0.14,-3.3413,231531.79,94528.632
2018-11-26,4.05,4.06,3.95,3.96,4.05,-0.09,-2.2222,153645.03,61568.819
2018-11-27,3.98,4.03,3.95,3.98,3.96,0.02,0.5051,117169.15,46697.999
2018-11-28,3.99,4.0,3.89,3.99,3.98,0.01,0.2513,140895.38,55666.638
2018-11-29,4.01,4.03,3.75,3.79,3.99,-0.2,-5.0125,415062.85,160361.184
2018-11-30,3.77,3.8,3.66,3.76,3.79,-0.03,-0.7916,191749.37,71650.132
2018-12-03,3.87,4.05,3.85,3.97,3.76,0.21,5.5851,353755.16,139372.225
2018-12-04,3.96,4.05,3.96,4.0,3.97,0.03,0.7557,203821.83,81667.113
2018-12-05,3.94,3.99,3.91,3.97,4.0,-0.03,-0.75,162945.46,64384.564
2018-12-06,3.98,4.0,3.91,3.91,3.97,-0.06,-1.5113,138691.19,54509.776
2018-12-07,3.91,3.98,3.9,3.92,3.91,0.01,0.2558,124906.99,49134.961
2018-12-10,3.89,3.9,3.8,3.82,3.92,-0.1,-2.551,143693.17,55129.124
2018-12-11,3.83,3.88,3.83,3.87,3.82,0.05,1.3089,88442.21,34102.845
2018-12-12,3.88,3.9,3.85,3.88,3.87,0.01,0.2584,80577.53,31228.186
2018-12-13,3.89,4.2,3.86,4.1,3.88,0.22,5.6701,484874.53,197213.135
2018-12-14,4.06,4.12,3.96,3.97,4.1,-0.13,-3.1707,282286.68,113838.907
2018-12-17,4.0,4.01,3.9,3.91,3.97,-0.06,-1.5113,188614.98,74121.093
2018-12-18,3.92,3.92,3.82,3.88,3.91,-0.03,-0.7673,163061.2,62969.016
2018-12-19,3.88,3.89,3.81,3.82,3.88,-0.06,-1.5464,113764.51,43630.802
2018-12-20,3.8,3.85,3.79,3.83,3.82,0.01,0.2618,116349.35,44478.76
2018-12-21,3.81,3.86,3.8,3.85,3.83,0.02,0.5222,125227.45,48094.744
2018-12-24,3.85,4.03,3.8,3.96,3.85,0.11,2.8571,289594.36,114179.893
2018-12-25,4.03,4.03,3.85,3.97,3.96,0.01,0.2525,251443.38,98746.333
2018-12-26,4.02,4.11,3.96,3.98,3.97,0.01,0.2519,260625.96,105193.808
2018-12-27,4.01,4.05,3.84,3.89,3.98,-0.09,-2.2613,180347.25,71306.524
2018-12-28,3.9,3.93,3.85,3.89,3.89,0.0,0.0,104565.99,40669.533
2019-01-02,3.89,3.91,3.81,3.88,3.89,-0.01,-0.2571,98226.46,38054.667
2019-01-03,3.87,3.9,3.83,3.84,3.88,-0.04,-1.0309,113078.36,43612.175
2019-01-04,3.8,3.91,3.8,3.91,3.84,0.07,1.8229,188831.93,73082.453
2019-01-07,3.95,4.15,3.92,4.07,3.91,0.16,4.0921,433498.13,176372.067
2019-01-08,4.07,4.25,4.03,4.14,4.07,0.07,1.7199,481872.99,200299.9
2019-01-09,4.12,4.16,4.06,4.09,4.14,-0.05,-1.2077,356876.61,147140.162
2019-01-10,4.08,4.09,4.0,4.01,4.09,-0.08,-1.956,203777.66,82402.787
2019-01-11,4.01,4.06,3.98,4.06,4.01,0.05,1.2469,237609.26,95248.208
2019-01-14,4.08,4.09,4.0,4.01,4.06,-0.05,-1.2315,168113.51,67725.788
2019-01-15,4.01,4.05,3.98,4.04,4.01,0.03,0.7481,167665.08,67435.541
2019-01-16,4.05,4.05,4.0,4.01,4.04,-0.03,-0.7426,153791.93,61809.143
2019-01-17,4.0,4.02,3.95,3.96,4.01,-0.05,-1.2469,177732.71,70843.935
2019-01-18,3.98,3.99,3.8,3.94,3.96,-0.02,-0.5051,243091.5,95202.365
2019-01-21,3.93,3.96,3.89,3.94,3.94,0.0,0.0,203072.02,79632.886
2019-01-22,3.92,3.94,3.89,3.89,3.94,-0.05,-1.269,130313.08,50976.299
2019-01-23,3.89,3.91,3.86,3.88,3.89,-0.01,-0.2571,135607.25,52581.558
2019-01-24,3.87,3.91,3.84,3.87,3.88,-0.01,-0.2577,110770.0,42942.591
2019-01-25,3.86,3.89,3.85,3.87,3.87,0.0,0.0,81336.74,31520.486
2019-01-28,3.88,3.91,3.85,3.86,3.87,-0.01,-0.2584,122668.9,47649.292
2019-01-29,3.86,3.87,3.8,3.84,3.86,-0.02,-0.5181,162035.87,62083.326
2019-01-30,3.84,3.88,3.82,3.84,3.84,0.0,0.0,107215.11,41296.342
2019-01-31,3.8,3.8,3.5,3.64,3.84,-0.2,-5.2083,414286.58,151790.765
2019-02-01,3.67,3.75,3.65,3.74,3.64,0.1,2.7473,148745.06,55122.448
2019-02-11,3.76,3.81,3.61,3.81,3.74,0.07,1.8717,185126.68,69583.05
2019-02-12,3.77,3.87,3.77,3.85,3.81,0.04,1.0499,151099.41,57956.767
2019-02-13,3.85,3.94,3.84,3.92,3.85,0.07,1.8182,230187.5,89985.694
2019-02-14,3.92,3.96,3.9,3.93,3.92,0.01,0.2551,158172.14,62247.945
2019-02-15,3.93,3.96,3.88,3.92,3.93,-0.01,-0.2545,166266.41,65082.653
2019-02-18,3.91,4.01,3.89,3.99,3.92,0.07,1.7857,352042.63,139609.226
2019-02-19,4.06,4.09,3.96,4.0,3.99,0.01,0.2506,321111.88,128813.051
2019-02-20,3.99,4.02,3.93,3.95,4.0,-0.05,-1.25,235796.51,93519.187
2019-02-21,3.97,4.04,3.92,3.96,3.95,0.01,0.2532,370220.39,147495.439
2019-02-22,3.97,4.02,3.92,4.02,3.96,0.06,1.5152,348921.15,138776.822
2019-02-25,4.03,4.42,4.02,4.42,4.02,0.4,9.9502,1014251.52,430503.562
2019-02-26,4.5,4.55,4.33,4.36,4.42,-0.06,-1.3575,1280961.0,569603.351
2019-02-27,4.42,4.71,4.37,4.56,4.36,0.2,4.5872,1144989.91,516066.971
2019-02-28,4.55,4.98,4.52,4.67,4.56,0.11,2.4123,952784.2,450412.24
2019-03-01,4.7,4.75,4.4,4.67,4.67,0.0,0.0,778616.06,355464.424
2019-03-04,4.63,4.87,4.62,4.7,4.67,0.03,0.6424,1141007.3,537997.413
2019-03-05,4.66,4.72,4.6,4.71,4.7,0.01,0.2128,656091.06,306193.909
2019-03-06,4.7,4.79,4.61,4.75,4.71,0.04,0.8493,1030789.82,484776.029
2019-03-07,4.75,4.95,4.72,4.9,4.75,0.15,3.1579,1129226.01,549086.389
2019-03-08,4.8,4.84,4.45,4.45,4.9,-0.45,-9.1837,1118425.03,522005.71
2019-03-11,4.46,4.64,4.46,4.6,4.45,0.15,3.3708,749403.68,343150.32
2019-03-12,4.7,4.82,4.6,4.7,4.6,0.1,2.1739,1035279.98,489298.937
2019-03-13,4.78,4.82,4.55,4.57,4.7,-0.13,-2.766,824124.54,385197.901
2019-03-14,4.53,4.58,4.38,4.46,4.57,-0.11,-2.407,592212.65,263602.499
2019-03-15,4.45,4.57,4.45,4.48,4.46,0.02,0.4484,462838.55,208307.348
2019-03-18,4.48,4.62,4.42,4.59,4.48,0.11,2.4554,600753.45,273473.701
2019-03-19,4.59,4.66,4.54,4.59,4.59,0.0,0.0,438752.22,201686.394
2019-03-20,4.59,4.68,4.56,4.67,4.59,0.08,1.7429,641257.26,296932.052
2019-03-21,4.7,4.83,4.62,4.66,4.67,-0.01,-0.2141,1152036.74,543275.423
2019-03-22,4.65,4.7,4.57,4.65,4.66,-0.01,-0.2146,577412.88,267149.024
2019-03-25,4.55,4.58,4.48,4.5,4.65,-0.15,-3.2258,627613.7,284178.767
2019-03-26,4.51,4.55,4.41,4.51,4.5,0.01,0.2222,701876.78,314385.958
2019-03-27,4.5,4.54,4.47,4.53,4.51,0.02,0.4435,359503.96,162043.313
2019-03-28,4.51,4.57,4.48,4.5,4.53,-0.03,-0.6623,326801.95,147731.087
2019-03-29,4.5,4.65,4.49,4.62,4.5,0.12,2.6667,612127.17,281372.377
2019-04-01,4.71,4.75,4.62,4.72,4.62,0.1,2.1645,1092487.72,512303.688
2019-04-02,4.73,4.96,4.71,4.85,4.72,0.13,2.7542,1411419.16,684084.222
2019-04-03,4.84,5.14,4.78,4.92,4.85,0.07,1.4433,1387511.6,684876.543
2019-04-04,4.97,5.0,4.83,4.97,4.92,0.05,1.0163,1077773.47,530290.613
2019-04-08,5.01,5.04,4.77,4.85,4.97,-0.12,-2.4145,925051.19,452952.215
2019-04-09,4.82,4.99,4.76,4.95,4.85,0.1,2.0619,781723.4,384105.5
2019-04-10,4.89,4.93,4.8,4.86,4.95,-0.09,-1.8182,649909.11,316206.686
2019-04-11,4.91,5.06,4.84,4.84,4.86,-0.02,-0.4115,843410.68,417134.019
2019-04-12,4.8,4.85,4.72,4.82,4.84,-0.02,-0.4132,580083.6,278552.317
2019-04-15,4.9,4.95,4.73,4.73,4.82,-0.09,-1.8672,631001.51,306152.582
2019-04-16,4.72,4.79,4.61,4.79,4.73,0.06,1.2685,566524.48,265981.738
2019-04-17,4.79,4.84,4.77,4.81,4.79,0.02,0.4175,490239.17,235572.224
2019-04-18,4.82,4.82,4.71,4.72,4.81,-0.09,-1.8711,417546.32,198465.625
2019-04-19,4.72,4.77,4.69,4.76,4.72,0.04,0.8475,350457.88,165905.469
2019-04-22,4.8,4.82,4.66,4.67,4.76,-0.09,-1.8908,401189.86,189374.309
2019-04-23,4.67,4.71,4.63,4.67,4.67,0.0,0.0,442410.28,206415.883
2019-04-24,4.66,4.71,4.63,4.69,4.67,0.02,0.4283,314593.32,146860.087
2019-04-25,4.67,4.69,4.48,4.48,4.69,-0.21,-4.4776,432617.38,198418.819
2019-04-26,4.46,4.56,4.45,4.49,4.48,0.01,0.2232,266550.94,119757.411
2019-04-29,4.49,4.53,4.13,4.21,4.49,-0.28,-6.2361,517358.17,222773.763
2019-04-30,4.21,4.33,4.21,4.29,4.21,0.08,1.9002,235431.4,100965.34
2019-05-06,4.18,4.19,3.92,3.98,4.29,-0.31,-7.2261,408777.43,165149.272
2019-05-07,4.01,4.04,3.9,3.99,3.98,0.01,0.2513,248372.31,98782.842
2019-05-08,3.91,4.01,3.86,3.95,3.99,-0.04,-1.0025,189620.92,75025.772
2019-05-09,3.91,3.96,3.89,3.93,3.95,-0.02,-0.5063,164650.44,64734.591
2019-05-10,3.94,4.04,3.89,4.02,3.93,0.09,2.2901,276622.58,110454.546
2019-05-13,4.03,4.05,3.98,4.01,4.02,-0.01,-0.2488,150481.4,60484.09
2019-05-14,3.96,4.02,3.9,3.95,4.01,-0.06,-1.4963,169169.7,67296.256
2019-05-15,3.97,4.05,3.97,4.02,3.95,0.07,1.7722,145763.42,58467.561
2019-05-16,4.02,4.05,3.99,4.02,4.02,0.0,0.0,192819.9,77542.434
2019-05-17,4.04,4.04,3.87,3.9,4.02,-0.12,-2.9851,247824.47,98213.485
2019-05-20,3.88,3.9,3.76,3.83,3.9,-0.07,-1.7949,213823.94,81641.162
2019-05-21,3.83,3.91,3.82,3.87,3.83,0.04,1.0444,168288.6,65061.973
2019-05-22,3.83,3.88,3.8,3.82,3.87,-0.05,-1.292,163361.16,62587.768
2019-05-23,3.77,3.78,3.7,3.71,3.82,-0.11,-2.8796,202360.52,75547.602
2019-05-24,3.7,3.74,3.66,3.69,3.71,-0.02,-0.5391,148184.19,54738.952
2019-05-27,3.69,3.78,3.68,3.76,3.69,0.07,1.897,148666.83,55534.839
2019-05-28,3.75,3.85,3.75,3.81,3.76,0.05,1.3298,176250.27,67078.146
2019-05-29,3.8,3.82,3.78,3.78,3.81,-0.03,-0.7874,110623.46,41969.485
2019-05-30,3.87,3.96,3.82,3.84,3.78,0.06,1.5873,266632.75,103367.693
2019-05-31,3.82,3.85,3.75,3.81,3.84,-0.03,-0.7813,168328.96,64180.796
2019-06-03,3.77,3.84,3.77,3.79,3.81,-0.02,-0.5249,142296.08,54114.795
2019-06-04,3.8,3.81,3.72,3.74,3.79,-0.05,-1.3193,153598.25,57605.357
2019-06-05,3.78,3.8,3.75,3.76,3.74,0.02,0.5348,120211.57,45341.75
2019-06-06,3.76,3.76,3.67,3.69,3.76,-0.07,-1.8617,136711.53,50702.126
2019-06-10,3.7,3.74,3.68,3.72,3.69,0.03,0.813,122482.33,45463.743
2019-06-11,3.73,3.84,3.73,3.83,3.72,0.11,2.957,238360.22,90727.483
2019-06-12,3.84,3.86,3.79,3.8,3.83,-0.03,-0.7833,171524.82,65484.597
2019-06-13,3.79,3.83,3.78,3.82,3.8,0.02,0.5263,133995.0,50960.492
2019-06-14,3.81,3.83,3.75,3.76,3.82,-0.06,-1.5707,144310.66,54718.161
2019-06-17,3.76,3.79,3.72,3.75,3.76,-0.01,-0.266,99060.69,37144.67
2019-06-18,3.75,3.77,3.72,3.73,3.75,-0.02,-0.5333,103025.63,38564.082
2019-06-19,3.8,3.83,3.78,3.8,3.73,0.07,1.8767,162639.0,61776.555
2019-06-20,3.8,3.86,3.77,3.84,3.8,0.04,1.0526,191705.93,73253.834
2019-06-21,3.84,3.92,3.84,3.89,3.84,0.05,1.3021,235922.01,91779.266
2019-06-24,3.9,3.93,3.86,3.89,3.89,0.0,0.0,139267.18,54164.017
2019-06-25,3.89,3.89,3.8,3.83,3.89,-0.06,-1.5424,136146.88,52195.029
2019-06-26,3.82,3.84,3.8,3.81,3.83,-0.02,-0.5222,82504.72,31503.963
2019-06-27,3.81,3.86,3.8,3.84,3.81,0.03,0.7874,119746.78,45946.722
2019-06-28,3.84,3.84,3.75,3.77,3.83,-0.06,-1.5666,139480.1,52727.863
2019-07-01,3.84,3.89,3.81,3.88,3.77,0.11,2.9178,190024.42,73215.169
2019-07-02,3.89,3.89,3.82,3.84,3.88,-0.04,-1.0309,139434.32,53692.024
2019-07-03,3.84,3.85,3.8,3.83,3.84,-0.01,-0.2604,132013.43,50459.471
2019-07-04,3.83,3.86,3.81,3.84,3.83,0.01,0.2611,107657.53,41292.231
2019-07-05,3.85,3.85,3.78,3.81,3.84,-0.03,-0.7813,114887.35,43739.921
2019-07-08,3.82,3.82,3.61,3.66,3.81,-0.15,-3.937,295003.2,108641.201
2019-07-09,3.65,3.72,3.63,3.71,3.66,0.05,1.3661,181169.45,66620.313
2019-07-10,3.71,3.72,3.64,3.66,3.71,-0.05,-1.3477,182510.75,66939.85
2019-07-11,3.65,3.68,3.62,3.63,3.66,-0.03,-0.8197,119792.97,43775.54
2019-07-12,3.65,3.65,3.61,3.63,3.63,0.0,0.0,123466.02,44800.321
2019-07-15,3.6,3.67,3.56,3.64,3.63,0.01,0.2755,173401.23,62677.687
2019-07-16,3.65,3.68,3.63,3.67,3.64,0.03,0.8242,106336.05,38934.852
2019-07-17,3.67,3.68,3.63,3.64,3.67,-0.03,-0.8174,158750.39,58012.436
2019-07-18,3.64,3.64,3.59,3.6,3.64,-0.04,-1.0989,106605.11,38408.785
2019-07-19,3.61,3.74,3.61,3.74,3.6,0.14,3.8889,269322.34,99220.204
2019-07-22,3.75,3.78,3.6,3.61,3.74,-0.13,-3.4759,246169.32,89582.356
2019-07-23,3.62,3.63,3.57,3.6,3.61,-0.01,-0.277,131169.25,47172.838
2019-07-24,3.6,3.66,3.6,3.63,3.6,0.03,0.8333,123858.5,45045.54
2019-07-25,3.63,3.64,3.61,3.63,3.63,0.0,0.0,84508.05,30602.865
2019-07-26,3.61,3.65,3.6,3.65,3.63,0.02,0.551,107728.63,39091.452
2019-07-29,3.65,3.65,3.61,3.62,3.65,-0.03,-0.8219,82795.84,30000.548
2019-07-30,3.62,3.65,3.61,3.63,3.62,0.01,0.2762,86685.64,31495.547
2019-07-31,3.62,3.63,3.6,3.61,3.63,-0.02,-0.551,80253.77,28997.326
2019-08-01,3.61,3.63,3.6,3.61,3.61,0.0,0.0,86517.0,31235.492
2019-08-02,3.58,3.61,3.55,3.6,3.61,-0.01,-0.277,162564.35,58278.593
2019-08-05,3.59,3.62,3.57,3.61,3.6,0.01,0.2778,111800.56,40172.948
2019-08-06,3.59,3.6,3.55,3.57,3.61,-0.04,-1.108,243273.52,87113.339
2019-08-07,3.58,3.61,3.56,3.56,3.57,-0.01,-0.2801,82670.66,29614.624
2019-08-08,3.57,3.59,3.52,3.53,3.56,-0.03,-0.8427,102759.68,36440.517
2019-08-09,3.53,3.55,3.49,3.5,3.53,-0.03,-0.8499,148590.0,52115.594
2019-08-12,3.49,3.51,3.48,3.51,3.5,0.01,0.2857,79571.97,27809.479
2019-08-13,3.49,3.5,3.44,3.45,3.51,-0.06,-1.7094,107763.4,37306.298
2019-08-14,3.46,3.49,3.46,3.47,3.45,0.02,0.5797,74722.77,26002.439
2019-08-15,3.4,3.45,3.37,3.44,3.47,-0.03,-0.8646,82062.67,28029.574
2019-08-16,3.45,3.48,3.42,3.47,3.44,0.03,0.8721,90471.12,31268.915
