,code,pledge_date,alarm_line,close_position_line,price_on_pledge,total_pledge_nb,total_share_ratio,total_stock_ratio,close_position_date,is_st
0,000034.SZ,2016-11-25,17.8048,15.5792,27.82,11223.0,72.5104,17.16,2018-06-19,0
1,000046.SZ,2016-02-02,5.91,5.17,9.23,277068.83,80.08,53.32,2018-07-04,0
2,000046.SZ,2016-02-02,5.91,5.17,9.23,339517.71,97.57,65.34,2018-07-04,0
3,000056.SZ,2018-06-12,6.36,5.57,9.94,24216.59,98.17,20.6,2018-12-14,0
4,000056.SZ,2018-05-09,6.39,5.59,9.99,24117.47,97.77,20.52,2018-12-06,0
5,000056.SZ,2018-04-25,6.66,5.83,10.41,22917.97,92.91,19.5,2018-10-29,0
6,000056.SZ,2018-04-25,6.66,5.83,10.41,22917.97,92.91,19.5,2018-10-29,0
7,000056.SZ,2017-11-02,8.44,7.39,13.19,23736.47,96.23,20.2,2018-10-19,0
8,000056.SZ,2017-06-16,7.49,6.56,11.71,21310.7,89.06,18.57,2018-10-23,0
9,000056.SZ,2016-07-21,8.09,7.08,12.64,21850.0,88.58,18.59,2018-10-19,0
10,000068.SZ,2017-01-06,5.48,4.79,8.56,26610.3,100.0,26.43,2018-02-02,0
11,000078.SZ,2017-06-14,3.88,3.39,6.06,105431.89,86.67,39.81,2018-10-18,0
12,000078.SZ,2017-06-14,3.88,3.39,6.06,105431.89,86.67,39.81,2018-10-18,0
13,000078.SZ,2016-12-28,3.98,3.48,6.22,113760.46,93.52,42.96,2018-10-18,0
14,000078.SZ,2016-09-30,4.32,3.78,6.76,121260.46,99.68,44.77,2018-09-03,0
15,000150.SZ,2018-10-22,5.81,5.09,9.08,9328.0,97.53,14.88,2019-07-10,0
16,000150.SZ,2018-10-19,6.12,5.35,9.56,9328.0,97.53,14.88,2019-07-08,0
17,000150.SZ,2018-10-19,6.12,5.35,9.56,9328.0,97.53,14.88,2019-07-08,0
18,000150.SZ,2018-10-19,6.12,5.35,9.56,9328.0,97.53,14.88,2019-07-08,0
19,000150.SZ,2018-10-19,6.12,5.35,9.56,9328.0,97.53,14.88,2019-07-08,0
20,000150.SZ,2018-10-11,7.32,6.41,11.44,7898.0,82.58,12.6,2019-05-28,0
21,000150.SZ,2017-11-28,9.12,7.98,14.25,6271.0,91.79,14.0,2019-05-28,0
22,000150.SZ,2017-07-05,8.12,7.1,12.68,3658.0,99.99,8.17,2019-05-28,0
23,000150.SZ,2017-07-05,8.12,7.1,12.68,11010.0,66.31,24.59,2019-05-28,0
24,000150.SZ,2017-06-14,8.21,7.18,12.82,11206.93,67.5,25.03,2019-05-28,0
25,000150.SZ,2016-12-01,11.27,9.86,17.61,5587.0,81.78,12.48,2019-05-07,0
26,000150.SZ,2016-11-23,10.74,9.4,16.79,11194.0,67.42,25.0,2019-05-17,0
27,000150.SZ,2016-11-08,10.08,8.82,15.75,37910.00778467909,82.15942010362694,18.55983436853002,2019-05-17,0
28,000150.SZ,2016-09-05,10.31,9.02,16.11,5965.39,87.32,13.32,2019-05-17,0
29,000407.SZ,2017-09-05,5.29,4.63,8.27,7597.1,92.56,8.63,2018-06-19,0
30,000407.SZ,2017-07-10,5.83,5.1,9.11,8204.1,99.96,9.32,2018-06-14,0
31,000407.SZ,2017-07-10,5.83,5.1,9.11,8204.1,99.96,9.32,2018-06-14,0
32,000407.SZ,2017-07-10,5.83,5.1,9.11,8204.1,99.96,9.32,2018-06-14,0
33,000407.SZ,2017-07-10,5.83,5.1,9.11,8204.1,99.96,9.32,2018-06-14,0
34,000407.SZ,2017-07-10,5.83,5.1,9.11,8204.1,99.96,9.32,2018-06-14,0
35,000407.SZ,2017-06-12,6.44,5.64,10.07,8204.1,99.96,9.32,2018-02-09,0
36,000408.SZ,2018-02-06,12.34,10.79,15.42,85646.14,99.72,42.96,2018-08-22,0
37,000408.SZ,2018-02-06,12.34,10.79,15.42,37987.94,98.1,19.05,2018-08-22,0
38,000408.SZ,2017-12-27,14.4,12.6,18.0,82746.14,96.34,41.5,2018-06-19,0
39,000408.SZ,2016-12-23,11.92,10.43,14.9,40795.7,100.0,19.69,2019-04-29,0
40,000408.SZ,2016-12-23,11.92,10.43,14.9,40795.7,100.0,19.69,2019-04-29,0
41,000408.SZ,2016-12-23,11.92,10.43,14.9,40795.7,100.0,19.69,2019-04-29,0
42,000408.SZ,2016-12-23,11.92,10.43,14.9,40795.7,100.0,19.69,2019-04-29,0
43,000408.SZ,2016-12-23,11.92,10.43,14.9,40795.7,100.0,19.69,2019-04-29,0
44,000408.SZ,2016-12-23,11.92,10.43,14.9,40795.7,100.0,19.69,2019-04-29,0
45,000408.SZ,2016-12-22,12.04,10.54,15.06,40795.7,100.0,19.69,2019-01-31,0
46,000408.SZ,2016-09-27,12.13,10.62,15.16,70202.86,77.58,33.87,2019-01-31,0
47,000408.SZ,2016-08-30,13.47,11.79,16.84,36867.94,90.37,17.79,2018-08-15,0
48,000408.SZ,2016-08-26,13.38,11.7,16.72,36867.94,90.37,17.79,2018-08-17,0
49,000408.SZ,2016-08-26,13.38,11.7,16.72,36867.94,90.37,17.79,2018-08-17,0
50,000408.SZ,2016-08-01,11.82,10.35,14.78,85889.27,100.0,43.08,2019-04-29,0
51,000410.SZ,2018-01-04,6.74,5.9,10.53,11500.0,49.85,15.02,2019-07-17,0
52,000413.SZ,2018-01-12,7.36,6.44,9.21,37910.00778467909,82.15942010362694,18.55983436853002,2018-06-19,0
53,000413.SZ,2016-12-09,10.09,8.83,12.61,79964.3,87.39,13.95,2018-01-29,0
54,000413.SZ,2016-10-31,10.37,9.07,12.96,48988.27,87.64,9.92,2018-01-17,0
55,000413.SZ,2016-06-24,6.26,5.48,7.83,78073.03,94.07,20.36,2018-08-17,0
56,000415.SZ,2018-03-12,4.61,4.04,5.77,211485.2,97.96,34.2,2018-08-02,0
57,000415.SZ,2017-11-27,4.67,4.09,5.84,37910.00778467909,82.15942010362694,18.55983436853002,2018-08-02,0
58,000415.SZ,2016-07-15,5.35,4.68,6.69,52718.29,100.0,8.52,2018-07-19,0
59,000426.SZ,2018-01-05,6.52,5.71,10.19,15002.3,83.29,8.03,2018-10-08,0
60,000426.SZ,2017-12-20,5.98,5.23,9.34,14582.3,80.95,7.8,2018-10-11,0
61,000426.SZ,2017-11-23,5.94,5.19,9.27,53891.1,96.91,28.84,2018-10-11,0
62,000426.SZ,2017-11-01,6.85,6.0,10.71,53891.1,96.91,28.84,2018-09-17,0
63,000426.SZ,2017-08-17,6.25,5.47,9.76,54391.1,97.81,29.11,2018-10-11,0
64,000426.SZ,2017-03-02,5.99,5.24,9.37,53630.01,96.44,28.7,2018-10-11,0
65,000426.SZ,2016-12-02,6.25,5.47,9.76,36028.53,98.93,30.18,2018-10-11,0
66,000430.SZ,2016-12-28,7.68,6.72,12.0,9080.0,94.27,28.3,2018-06-19,0
67,000488.SZ,2018-05-23,5.8,5.07,9.06,33601.34,75.44,11.57,2019-08-09,0
68,000503.SZ,2016-12-07,34.5,30.18,53.9,17629.0,70.97,19.61,2017-05-09,0
69,000503.SZ,2016-12-01,37.08,32.44,57.93,4214.18,17.88,4.69,2017-04-12,0
70,000509.SZ,2017-11-01,3.92,3.43,6.12,19820.0,99.5,24.01,2018-04-16,0
71,000509.SZ,2017-09-29,3.92,3.43,6.12,19820.0,99.5,24.01,2018-04-16,0
72,000510.SZ,2017-11-24,5.05,4.42,7.9,7952.0,99.99,13.05,2018-07-02,0
73,000510.SZ,2017-11-23,4.99,4.37,7.8,7952.0,99.99,13.05,2018-07-02,0
74,000517.SZ,2018-01-11,3.44,3.01,5.38,74144.0,48.59,23.29,2018-06-28,0
75,000517.SZ,2018-01-11,3.44,3.01,5.38,74144.0,48.59,23.29,2018-06-28,0
76,000518.SZ,2018-01-02,4.42,3.87,6.91,11413.0,79.18,11.09,2018-09-11,0
77,000518.SZ,2017-08-01,5.27,4.61,8.24,9666.0,93.89,9.39,2018-06-19,0
78,000520.SZ,2016-03-29,5.88,5.14,9.18,15556.0,85.94,15.37,2017-09-25,0
79,000532.SZ,2017-01-03,11.92,10.43,18.63,1990.0,49.9,5.77,2017-12-25,0
80,000536.SZ,2017-05-22,3.52,3.08,5.5,45000.0,98.73,26.03,2018-05-30,0
81,000536.SZ,2017-04-24,3.85,3.37,6.02,44500.0,97.63,25.74,2018-05-28,0
82,000536.SZ,2017-03-31,4.19,3.66,6.54,43500.0,95.44,25.16,2018-05-02,0
83,000536.SZ,2017-03-21,4.64,4.06,7.25,43456.25,95.34,25.14,2018-02-06,0
84,000536.SZ,2017-02-09,4.6,4.02,7.18,43500.0,92.11,25.16,2018-02-06,0
85,000536.SZ,2016-12-23,5.74,5.02,8.96,48500.0,97.83,28.05,2017-11-22,0
86,000536.SZ,2016-11-10,5.17,4.53,8.08,23741.69,100.0,13.73,2018-01-31,0
87,000541.SZ,2016-08-19,5.93,5.18,9.26,8396.66,49.0,6.6,2018-10-16,0
88,000541.SZ,2016-08-19,5.93,5.18,9.26,2957.53,49.0,2.32,2018-10-16,0
89,000545.SZ,2016-11-22,4.0,3.5,6.24,35811.01,97.3,36.29,2018-12-24,0
90,000558.SZ,2017-11-15,3.71,3.24,5.79,54175.0,88.1,42.02,2018-08-06,0
91,000558.SZ,2017-05-26,4.05,3.55,6.33,33150.0,80.86,38.57,2018-06-28,0
92,000558.SZ,2017-05-12,4.31,3.77,6.73,53000.0,86.19,41.11,2018-06-21,0
93,000558.SZ,2017-04-21,4.67,4.09,7.3,30000.0,73.18,34.9,2018-02-22,0
94,000558.SZ,2016-02-02,6.38,5.58,9.96,34163.2,83.34,39.75,2017-11-20,0
95,000558.SZ,2016-02-02,6.38,5.58,9.96,34163.2,83.34,39.75,2017-11-20,0
96,000564.SZ,2017-12-28,3.05,2.67,4.77,91241.58,99.17,15.19,2018-10-11,0
97,000564.SZ,2017-12-28,3.05,2.67,4.77,91241.58,99.17,15.19,2018-10-11,0
98,000564.SZ,2017-12-18,3.05,2.67,4.77,91241.58,99.17,15.19,2018-10-11,0
99,000564.SZ,2017-12-12,3.05,2.67,4.77,88741.58,96.45,14.77,2018-10-11,0
100,000564.SZ,2017-12-06,3.05,2.67,4.77,21484.73,67.74,3.58,2018-10-11,0
101,000564.SZ,2017-11-27,3.05,2.67,4.77,31046.89,100.0,5.17,2018-10-11,0
102,000564.SZ,2017-11-22,3.21,2.81,5.01,78951.28,85.81,13.14,2018-10-11,0
103,000564.SZ,2017-11-07,3.51,3.07,5.48,30136.3,97.07,5.02,2018-08-31,0
104,000564.SZ,2017-10-26,3.67,3.21,5.73,29148.82,93.89,4.85,2018-08-17,0
105,000564.SZ,2017-08-21,4.14,3.62,6.47,11844.8,37.35,1.97,2018-08-02,0
106,000564.SZ,2017-08-09,4.18,3.66,6.54,24278.66,78.2,4.04,2018-08-02,0
107,000564.SZ,2017-06-12,4.15,3.63,6.48,87049.47,94.61,14.49,2018-08-02,0
108,000564.SZ,2017-05-26,4.2,3.67,6.56,84037.42,91.34,13.99,2018-08-02,0
109,000564.SZ,2017-04-27,4.69,4.11,7.33,19860.0,63.97,3.31,2018-07-30,0
110,000564.SZ,2017-02-15,5.24,4.59,8.19,10000.0,31.53,1.66,2018-07-20,0
111,000564.SZ,2016-12-16,5.64,4.94,8.81,91241.58,99.17,15.19,2017-11-23,0
112,000564.SZ,2016-12-13,5.78,5.06,9.03,71859.88,78.1,11.96,2017-11-22,0
113,000564.SZ,2016-12-13,5.78,5.06,9.03,71859.88,78.1,11.96,2017-11-22,0
114,000564.SZ,2016-11-24,5.93,5.19,9.26,60555.53,65.82,10.08,2017-11-17,0
115,000564.SZ,2016-10-26,6.09,5.33,9.51,34200.0,95.14,5.69,2017-11-17,0
116,000566.SZ,2017-08-22,8.28,7.25,12.94,33224.57,72.96,24.87,2018-08-06,0
117,000566.SZ,2017-08-21,8.26,7.23,12.91,33224.57,72.96,24.87,2018-08-06,0
118,000566.SZ,2017-05-26,8.44,7.39,13.19,45075.33,98.99,33.74,2018-08-02,0
119,000566.SZ,2017-05-16,8.46,7.41,13.22,45075.33,98.99,33.74,2018-08-02,0
120,000566.SZ,2016-11-09,8.76,7.66,13.68,45075.33,98.99,33.74,2018-08-02,0
121,000566.SZ,2016-11-02,9.03,7.9,14.11,45075.33,98.99,33.74,2018-07-30,0
122,000566.SZ,2016-09-14,8.37,7.32,13.08,45173.33,99.2,33.81,2018-08-06,0
123,000567.SZ,2018-04-24,10.38,9.08,16.22,29096.48,100.0,65.8,2019-06-13,0
124,000576.SZ,2017-10-16,10.66,9.33,16.66,18000.0,97.83,40.64,2018-07-12,0
125,000576.SZ,2017-02-27,9.96,8.72,15.57,18000.0,97.83,40.64,2018-07-13,0
126,000584.SZ,2017-02-10,7.55,6.61,11.8,4358.17,62.88,7.11,2018-10-16,0
127,000584.SZ,2017-01-20,7.55,6.61,11.8,7924.0,69.46,12.92,2018-10-16,0
128,000584.SZ,2017-01-19,7.55,6.61,11.8,3395.97,49.0,5.54,2018-10-16,0
129,000587.SZ,2017-09-08,5.08,4.45,7.94,78542.37,99.84,36.98,2018-07-03,0
130,000587.SZ,2016-11-08,4.93,4.32,7.71,38510.19,97.91,36.26,2018-07-03,0
131,000587.SZ,2016-10-31,4.88,4.27,7.62,38510.19,97.91,36.26,2018-07-03,0
132,000587.SZ,2016-05-16,4.7,4.11,7.35,39204.19,99.67,36.91,2018-07-03,0
133,000592.SZ,2017-10-20,3.68,3.22,5.75,37910.00778467909,82.15942010362694,18.55983436853002,2018-06-15,0
134,000592.SZ,2016-03-09,3.94,3.45,6.16,23021.0,75.71,23.83,2018-05-30,0
135,000605.SZ,2017-12-07,8.35,7.3,13.04,1215.1,75.21,4.82,2018-10-12,0
136,000605.SZ,2017-09-22,11.87,10.39,18.55,950.0,49.87,3.77,2018-07-11,0
137,000605.SZ,2017-09-22,11.87,10.39,18.55,950.0,49.87,3.77,2018-07-11,0
138,000605.SZ,2017-09-22,11.87,10.39,18.55,950.0,49.87,3.77,2018-07-11,0
139,000612.SZ,2017-11-03,6.62,5.79,10.35,20591.98,99.83,17.27,2018-06-13,0
140,000612.SZ,2017-10-18,6.5,5.68,10.15,20591.98,99.83,17.27,2018-06-13,0
141,000616.SZ,2016-04-22,3.33,2.91,5.2,12002.61,42.0,8.39,2018-08-01,0
142,000626.SZ,2017-05-25,9.98,8.74,15.6,15010.0,71.64,25.07,2018-05-28,0
143,000626.SZ,2016-05-18,17.03,14.9,26.61,5970.0,79.51,29.48,2017-11-02,0
144,000626.SZ,2016-05-16,18.2,15.92,28.43,5970.0,79.51,29.48,2017-05-23,0
145,000638.SZ,2017-02-21,9.4,8.23,14.69,11660.0,100.0,37.69,2018-02-12,0
146,000638.SZ,2017-01-12,9.55,8.36,14.92,11660.0,100.0,37.69,2018-02-02,0
147,000638.SZ,2017-01-12,9.55,8.36,14.92,11660.0,100.0,37.69,2018-02-02,0
148,000638.SZ,2016-11-15,11.94,10.44,18.65,11660.0,100.0,37.69,2018-01-31,0
149,000638.SZ,2016-08-03,11.39,9.97,17.8,10224.0,87.68,33.04,2018-02-01,0
150,000639.SZ,2017-09-28,6.72,5.88,10.49,16237.86,100.0,21.06,2019-07-17,0
151,000639.SZ,2017-09-28,6.72,5.88,10.49,21146.17,92.36,27.42,2019-07-17,0
152,000639.SZ,2017-09-28,6.72,5.88,10.49,21146.17,92.36,27.42,2019-07-17,0
153,000662.SZ,2018-11-14,4.91,4.3,7.67,7296.41,89.48,6.67,2019-07-29,0
154,000662.SZ,2018-11-14,4.91,4.3,7.67,7296.41,89.48,6.67,2019-07-29,0
155,000662.SZ,2018-02-27,5.68,4.97,8.88,7296.41,89.48,6.67,2019-06-04,0
156,000662.SZ,2018-02-27,5.68,4.97,8.88,7296.41,89.48,6.67,2019-06-04,0
157,000662.SZ,2017-11-13,8.07,7.06,12.61,7296.41,89.48,6.67,2018-06-15,0
158,000662.SZ,2017-11-13,8.07,7.06,12.61,7296.41,89.48,6.67,2018-06-15,0
159,000662.SZ,2017-11-01,8.0,7.0,12.5,7296.41,89.48,6.67,2018-06-15,0
160,000662.SZ,2017-11-01,8.0,7.0,12.5,7296.41,89.48,6.67,2018-06-15,0
161,000662.SZ,2017-04-19,9.36,8.19,14.63,13200.0,99.34,15.7,2018-06-15,0
162,000662.SZ,2017-04-17,9.19,8.04,14.36,13200.0,99.34,15.7,2018-06-15,0
163,000662.SZ,2017-04-07,9.44,8.26,14.75,13200.0,99.34,15.7,2018-06-15,0
164,000662.SZ,2016-10-20,12.71,11.12,19.86,13794.69,100.0,16.41,2018-05-28,0
165,000662.SZ,2016-09-27,12.91,11.29,20.17,6587.79,83.39,7.83,2018-05-25,0
166,000662.SZ,2016-09-26,12.81,11.21,20.01,6587.79,83.39,7.83,2018-05-28,0
167,000662.SZ,2016-07-06,10.96,9.59,17.13,6800.0,100.0,8.09,2018-05-31,0
168,000663.SZ,2016-12-06,9.27,8.11,14.48,5380.54,100.0,15.78,2018-06-13,0
169,000673.SZ,2017-03-01,8.66,7.58,13.53,8540.0,100.0,10.79,2018-08-14,0
170,000676.SZ,2016-06-23,8.95,7.83,13.98,5327.03,76.5,5.52,2019-07-05,0
171,000677.SZ,2016-12-29,4.68,4.1,7.32,20000.0,100.0,23.15,2017-11-20,0
172,000687.SZ,2017-03-23,11.25,9.84,17.58,22569.58,100.0,29.8,2018-02-01,0
173,000687.SZ,2016-07-29,12.18,10.66,19.03,22569.58,100.0,29.8,2017-12-21,0
174,000691.SZ,2016-12-20,6.6,5.77,10.31,2500.0,91.06,7.73,2018-02-08,0
175,000691.SZ,2016-12-20,6.6,5.77,10.31,2500.0,91.06,7.73,2018-02-08,0
176,000692.SZ,2016-11-08,4.01,3.51,6.26,9300.0,49.72,17.45,2018-06-11,0
177,000697.SZ,2016-10-13,15.29,13.38,23.89,11783.0,83.73,21.05,2018-10-18,0
178,000697.SZ,2016-10-12,15.09,13.2,23.58,11783.0,83.73,21.05,2018-10-18,0
179,000700.SZ,2016-01-18,5.51,4.82,8.61,9400.0,77.0,26.21,2018-02-06,0
180,000700.SZ,2016-01-11,5.23,4.57,8.17,8000.0,65.53,22.31,2018-04-20,0
181,000711.SZ,2018-10-15,6.41,5.61,10.02,5760.0,99.63,6.57,2018-12-26,0
182,000711.SZ,2018-10-15,6.41,5.61,10.02,5760.0,99.63,6.57,2018-12-26,0
183,000711.SZ,2018-09-03,6.41,5.61,10.02,5520.0,95.48,6.3,2018-12-26,0
184,000711.SZ,2018-09-03,6.41,5.61,10.02,5520.0,95.48,6.3,2018-12-26,0
185,000711.SZ,2017-11-14,6.81,5.96,10.65,3027.56,75.47,4.14,2018-10-29,0
186,000711.SZ,2017-11-10,6.42,5.62,10.04,4168.89,69.48,5.71,2018-12-26,0
187,000711.SZ,2017-11-10,6.42,5.62,10.04,4168.89,69.48,5.71,2018-12-26,0
188,000711.SZ,2017-11-08,6.72,5.88,10.5,4000.0,83.02,5.48,2018-10-29,0
189,000711.SZ,2017-09-11,7.71,6.75,12.05,2168.89,36.15,3.33,2018-10-25,0
190,000711.SZ,2017-08-02,7.74,6.77,12.09,14227.94,99.98,21.85,2018-10-25,0
191,000711.SZ,2017-08-02,7.74,6.77,12.09,14227.94,99.98,21.85,2018-10-25,0
192,000711.SZ,2017-08-02,7.74,6.77,12.09,14227.94,99.98,21.85,2018-10-25,0
193,000711.SZ,2017-07-21,7.01,6.13,10.95,500.0,8.33,0.77,2018-10-26,0
194,000711.SZ,2017-04-06,8.82,7.72,13.79,1600.0,66.42,4.91,2018-10-24,0
195,000711.SZ,2017-03-23,8.41,7.36,13.15,960.0,39.85,2.95,2018-10-24,0
196,000711.SZ,2017-03-14,7.86,6.88,12.28,6463.97,100.0,19.85,2018-10-25,0
197,000711.SZ,2017-01-12,8.66,7.57,13.52,5171.18,80.0,15.88,2018-10-24,0
198,000711.SZ,2016-12-22,8.66,7.57,13.52,4000.0,83.02,5.48,2018-10-24,0
199,000711.SZ,2016-11-17,8.66,7.57,13.52,3929.87,100.0,12.07,2018-10-24,0
200,000711.SZ,2016-11-17,8.66,7.57,13.52,3929.87,100.0,12.07,2018-10-24,0
201,000712.SZ,2016-01-08,15.34,13.42,23.96,21830.0,57.13,24.36,2018-02-06,0
202,000716.SZ,2016-11-18,4.86,4.25,7.59,20837.61,99.98,32.63,2018-06-13,0
203,000723.SZ,2019-04-24,11.71,10.24,18.29,300947.87,98.91,73.56,2019-06-05,0
204,000766.SZ,2017-11-20,8.64,7.56,13.5,37910.00778467909,82.15942010362694,18.55983436853002,2018-08-15,0
205,000766.SZ,2017-07-10,9.83,8.6,15.36,40917.11,92.09,42.34,2018-08-09,0
206,000766.SZ,2017-03-16,11.42,10.0,17.85,37910.00778467909,82.15942010362694,18.55983436853002,2018-08-08,0
207,000782.SZ,2018-04-16,4.41,3.86,6.89,9765.82,64.89,18.49,2019-08-02,0
208,000782.SZ,2017-06-02,5.49,4.81,8.58,8181.82,100.0,15.49,2018-10-11,0
209,000782.SZ,2017-06-02,5.49,4.81,8.58,8181.82,100.0,15.49,2018-10-11,0
210,000782.SZ,2017-06-02,5.49,4.81,8.58,8181.82,100.0,15.49,2018-10-11,0
211,000782.SZ,2016-08-31,5.34,4.67,8.34,1648.0,29.99,3.12,2018-10-11,0
212,000783.SZ,2016-10-25,8.3,7.27,10.38,814.0,100.0,0.17,2018-03-23,0
213,000793.SZ,2017-08-14,6.69,5.86,10.46,16823.92,102.28,8.39,2018-07-19,0
214,000793.SZ,2017-08-14,6.69,5.86,10.46,16823.92,102.28,8.39,2018-07-19,0
215,000793.SZ,2017-08-11,6.69,5.86,10.46,16823.92,102.28,8.39,2018-07-19,0
216,000793.SZ,2017-08-07,6.72,5.88,10.5,15879.86,96.54,7.87,2018-07-19,0
217,000793.SZ,2017-08-07,6.72,5.88,10.5,15879.86,96.54,7.87,2018-07-19,0
218,000793.SZ,2017-08-07,6.72,5.88,10.5,15879.86,96.54,7.87,2018-07-19,0
219,000793.SZ,2017-08-01,6.71,5.87,10.49,16823.92,102.28,8.39,2018-07-19,0
220,000793.SZ,2017-06-21,6.2,5.43,9.69,15879.86,96.54,7.87,2018-07-20,0
221,000793.SZ,2017-06-21,6.2,5.43,9.69,15879.86,96.54,7.87,2018-07-20,0
222,000793.SZ,2017-06-15,6.28,5.49,9.81,15879.86,96.54,7.87,2018-07-20,0
223,000793.SZ,2017-06-15,6.28,5.49,9.81,15879.86,96.54,7.87,2018-07-20,0
224,000793.SZ,2016-10-24,7.12,6.23,11.12,15879.86,96.54,7.87,2018-07-18,0
225,000793.SZ,2016-10-24,7.12,6.23,11.12,15879.86,96.54,7.87,2018-07-18,0
226,000793.SZ,2016-10-14,6.92,6.06,10.82,16823.92,102.28,8.39,2018-07-19,0
227,000793.SZ,2016-10-11,6.94,6.07,10.85,9149.95,62.46,4.54,2018-07-19,0
228,000793.SZ,2016-09-29,6.62,5.79,10.34,9149.95,62.46,4.54,2018-07-19,0
229,000796.SZ,2018-02-08,8.26,7.22,12.9,37910.00778467909,82.15942010362694,18.55983436853002,2018-10-09,0
230,000796.SZ,2016-11-28,11.01,9.64,17.21,1550.0,99.98,1.93,2018-07-23,0
231,000796.SZ,2016-11-24,10.89,9.53,17.01,37910.00778467909,82.15942010362694,18.55983436853002,2018-07-23,0
232,000796.SZ,2016-11-23,10.9,9.54,17.03,37910.00778467909,82.15942010362694,18.55983436853002,2018-07-23,0
233,000796.SZ,2016-04-28,17.42,15.24,27.22,37910.00778467909,82.15942010362694,18.55983436853002,2016-12-20,0
234,000796.SZ,2016-04-28,17.42,15.24,27.22,37910.00778467909,82.15942010362694,18.55983436853002,2016-12-20,0
235,000796.SZ,2016-03-09,17.42,15.24,27.22,25525.72,100.0,31.79,2016-12-20,0
236,000796.SZ,2016-01-18,17.42,15.24,27.22,23525.72,92.16,29.3,2016-12-20,0
237,000802.SZ,2017-01-23,11.58,10.14,18.1,11286.99,99.15,15.56,2018-06-19,0
238,000802.SZ,2017-01-18,11.42,9.99,17.84,11313.72,99.38,15.59,2018-06-19,0
239,000802.SZ,2016-10-10,12.99,11.37,20.3,5280.82,99.98,7.29,2018-02-06,0
240,000802.SZ,2016-09-27,12.93,11.31,20.2,1000.0,26.32,1.38,2018-02-06,0
241,000815.SZ,2017-12-21,10.69,9.35,16.7,3956.55,50.0,5.69,2018-06-19,0
242,000815.SZ,2016-12-16,13.06,11.42,20.4,7250.0,50.0,10.43,2017-07-26,0
243,000815.SZ,2016-06-15,12.77,11.18,19.96,3307.39,100.0,4.76,2018-03-23,0
244,000815.SZ,2016-06-13,12.61,11.03,19.7,1264.59,38.24,1.82,2018-04-23,0
245,000815.SZ,2016-04-21,13.57,11.87,21.2,6809.34,100.0,9.79,2017-07-17,0
246,000820.SZ,2018-02-01,8.6,7.52,13.43,33969.0,97.22,53.31,2018-07-11,1
247,000820.SZ,2018-01-26,11.69,10.23,18.27,33669.0,96.36,52.84,2018-06-19,1
248,000820.SZ,2018-01-25,11.07,9.69,17.3,33669.0,96.36,52.84,2018-06-20,1
249,000820.SZ,2018-01-24,11.39,9.96,17.79,33669.0,96.36,52.84,2018-06-19,1
250,000820.SZ,2018-01-24,11.39,9.96,17.79,33669.0,96.36,52.84,2018-06-19,1
251,000820.SZ,2018-01-24,11.39,9.96,17.79,33669.0,96.36,52.84,2018-06-19,1
252,000820.SZ,2018-01-24,11.39,9.96,17.79,33669.0,96.36,52.84,2018-06-19,1
253,000820.SZ,2018-01-22,12.52,10.96,19.57,31529.0,90.23,49.48,2018-06-15,1
254,000820.SZ,2018-01-19,13.67,11.96,21.36,31529.0,90.23,49.48,2018-05-28,1
259,000821.SZ,2016-01-20,9.3,8.14,14.53,3778.0,90.85,7.02,2018-10-11,0
260,000821.SZ,2016-01-18,8.78,7.68,13.72,3778.0,90.85,7.02,2018-10-16,0
261,000826.SZ,2018-03-13,13.35,11.68,20.85,12755.04,100.0,12.48,2018-10-11,0
262,000826.SZ,2018-02-12,12.57,11.0,19.64,12755.04,100.0,12.48,2018-10-12,0
263,000826.SZ,2018-01-18,14.0,12.25,21.87,12698.04,99.95,12.43,2018-10-11,0
264,000826.SZ,2017-12-27,14.92,13.05,23.31,12698.04,99.95,12.43,2018-10-08,0
265,000826.SZ,2017-11-23,15.59,13.64,24.35,12698.04,99.95,12.43,2018-08-22,0
266,000826.SZ,2017-11-17,15.79,13.81,24.67,12698.04,99.95,12.43,2018-08-20,0
267,000826.SZ,2017-09-15,15.63,13.68,24.42,12698.04,99.95,12.43,2018-08-22,0
268,000826.SZ,2017-08-03,14.84,12.98,23.19,12698.04,99.95,14.86,2018-10-08,0
269,000826.SZ,2017-07-05,16.05,14.05,25.08,12698.04,99.95,14.86,2018-08-17,0
270,000826.SZ,2016-04-06,14.44,12.63,22.56,12666.6,99.71,14.83,2018-10-09,0
271,000835.SZ,2018-03-19,4.88,4.27,7.62,6700.0,97.64,20.5,2018-10-08,0
272,000835.SZ,2018-03-16,4.9,4.29,7.66,5400.0,78.69,16.53,2018-10-08,0
273,000835.SZ,2018-01-10,5.25,4.6,8.21,5260.0,76.65,16.1,2018-07-05,0
274,000835.SZ,2016-09-13,8.54,7.47,13.34,5000.0,95.64,15.3,2018-02-02,0
275,000838.SZ,2017-12-28,3.68,3.22,5.74,55118.58,83.97,50.09,2018-10-11,0
276,000838.SZ,2017-10-31,3.87,3.39,6.05,56783.65,86.51,51.6,2018-10-08,0
277,000838.SZ,2017-01-17,5.2,4.55,8.12,60537.3,92.23,55.01,2018-05-29,0
278,000838.SZ,2016-09-01,6.53,5.72,10.21,58787.3,89.56,53.42,2018-02-01,0
279,000839.SZ,2018-05-22,4.27,3.73,6.67,139216.0,97.46,35.52,2018-10-08,0
280,000839.SZ,2018-04-04,4.45,3.89,6.95,136716.0,95.71,34.88,2018-09-17,0
281,000839.SZ,2018-04-04,4.45,3.89,6.95,136716.0,95.71,34.88,2018-09-17,0
282,000839.SZ,2018-02-12,4.42,3.87,6.9,122750.0,85.93,31.32,2018-09-17,0
283,000839.SZ,2018-02-01,5.01,4.39,7.83,130101.0,91.08,33.19,2018-08-31,0
284,000839.SZ,2018-01-24,5.61,4.91,8.77,140750.0,98.53,35.91,2018-06-21,0
285,000839.SZ,2017-12-12,5.75,5.03,8.98,120750.0,84.53,30.8,2018-06-20,0
286,000839.SZ,2017-12-08,5.82,5.09,9.09,99050.0,69.34,25.2,2018-06-20,0
287,000839.SZ,2017-12-08,5.82,5.09,9.09,99050.0,69.34,25.2,2018-06-20,0
288,000839.SZ,2017-12-08,5.82,5.09,9.09,99050.0,69.34,25.2,2018-06-20,0
289,000839.SZ,2017-01-10,5.87,5.14,9.17,119216.0,83.46,30.41,2018-06-20,0
290,000881.SZ,2018-01-25,8.9,7.79,13.91,5650.0,47.51,5.35,2018-10-11,0
291,000881.SZ,2017-03-29,16.52,14.45,25.81,56.41,100.0,0.05,2017-11-16,0
292,000881.SZ,2017-03-29,16.52,14.45,25.81,6242.38,100.0,5.91,2017-11-16,0
293,000881.SZ,2017-03-29,16.52,14.45,25.81,450.07,100.0,0.43,2017-11-16,0
294,000881.SZ,2017-03-29,16.52,14.45,25.81,684.11,100.0,0.65,2017-11-16,0
295,000881.SZ,2017-03-29,16.52,14.45,25.81,1026.16,100.0,0.97,2017-11-16,0
296,000881.SZ,2017-03-29,16.52,14.45,25.81,384.86,100.0,0.36,2017-11-16,0
297,000881.SZ,2017-03-29,16.52,14.45,25.81,213.83,100.0,0.2,2017-11-16,0
298,000881.SZ,2017-03-28,16.48,14.42,25.75,30.57,19.52,0.03,2017-11-16,0
299,000881.SZ,2017-03-23,16.79,14.69,26.23,11.43,100.0,0.01,2017-11-14,0
300,000881.SZ,2017-03-22,16.54,14.47,25.85,666.11,100.0,0.63,2017-11-16,0
301,000881.SZ,2017-03-20,17.13,14.99,26.77,222.04,100.0,0.21,2017-11-03,0
302,000881.SZ,2017-03-13,17.0,14.87,26.56,15.78,100.0,0.01,2017-11-13,0
303,000881.SZ,2017-03-13,17.0,14.87,26.56,19.55,100.0,0.02,2017-11-13,0
304,000881.SZ,2017-03-13,17.0,14.87,26.56,9.26,100.0,0.01,2017-11-13,0
305,000881.SZ,2017-03-13,17.0,14.87,26.56,170.28,100.0,0.16,2017-11-13,0
306,000881.SZ,2017-03-13,17.0,14.87,26.56,225.65,100.0,0.21,2017-11-13,0
307,000881.SZ,2017-03-13,17.0,14.87,26.56,56.41,100.0,0.05,2017-11-13,0
308,000881.SZ,2017-03-13,17.0,14.87,26.56,95.88,100.0,0.09,2017-11-13,0
309,000881.SZ,2017-03-10,17.03,14.9,26.61,789.77,100.0,0.75,2017-11-03,0
310,000881.SZ,2017-03-10,17.03,14.9,26.61,1110.19,100.0,1.05,2017-11-03,0
311,000881.SZ,2017-03-03,17.5,15.31,27.35,88.04,100.0,0.08,2017-11-03,0
312,000881.SZ,2017-03-03,17.5,15.31,27.35,435.38,100.0,0.41,2017-11-03,0
313,000881.SZ,2017-03-03,17.5,15.31,27.35,626.31,100.0,0.59,2017-11-03,0
314,000881.SZ,2017-03-03,17.5,15.31,27.35,58.7,100.0,0.06,2017-11-03,0
315,000881.SZ,2017-03-01,17.84,15.61,27.87,74.05,100.0,0.07,2017-11-02,0
316,000881.SZ,2017-03-01,17.84,15.61,27.87,1332.22,100.0,1.26,2017-11-02,0
317,000881.SZ,2017-02-28,16.22,14.19,25.34,666.11,100.0,0.63,2017-11-17,0
318,000881.SZ,2017-02-28,16.22,14.19,25.34,64.23,100.0,0.06,2017-11-17,0
319,000881.SZ,2017-02-28,16.22,14.19,25.34,666.11,100.0,0.63,2017-11-17,0
320,000881.SZ,2017-02-28,16.22,14.19,25.34,222.04,100.0,0.21,2017-11-17,0
321,000881.SZ,2017-02-28,16.22,14.19,25.34,444.07,100.0,0.42,2017-11-17,0
322,000881.SZ,2017-02-28,16.22,14.19,25.34,1332.22,100.0,1.28,2017-11-17,0
323,000881.SZ,2017-02-28,16.22,14.19,25.34,888.15,100.0,0.84,2017-11-17,0
324,000881.SZ,2017-02-28,16.22,14.19,25.34,222.04,100.0,0.21,2017-11-17,0
325,000881.SZ,2017-02-27,16.73,14.63,26.13,2220.37,100.0,2.1,2017-11-14,0
326,000881.SZ,2017-02-24,17.44,15.26,27.26,4437.68,100.0,4.2,2017-11-03,0
327,000881.SZ,2017-02-23,16.87,14.76,26.35,480.48,100.0,0.46,2017-11-13,0
328,000881.SZ,2017-02-23,16.87,14.76,26.35,9.9,100.0,0.01,2017-11-13,0
329,000881.SZ,2017-02-23,16.87,14.76,26.35,240.24,100.0,0.23,2017-11-13,0
330,000881.SZ,2017-02-23,16.87,14.76,26.35,233.93,100.0,0.22,2017-11-13,0
331,000881.SZ,2017-02-22,16.55,14.48,25.86,19.78,100.0,0.02,2017-11-16,0
332,000881.SZ,2017-02-22,16.55,14.48,25.86,456.61,100.0,0.43,2017-11-16,0
333,000881.SZ,2017-02-22,16.55,14.48,25.86,158.19,100.0,0.15,2017-11-16,0
334,000881.SZ,2017-02-22,16.55,14.48,25.86,9.86,100.0,0.01,2017-11-16,0
335,000881.SZ,2016-11-15,15.53,13.59,24.26,5150.0,90.71,16.67,2017-11-17,0
336,000885.SZ,2017-03-24,16.87,14.76,26.35,12000.0,43.03,24.17,2017-11-24,0
337,000887.SZ,2018-04-19,10.22,8.95,15.98,15600.0,27.37,12.78,2019-08-09,0
338,000887.SZ,2017-07-12,13.56,11.86,21.18,8120.0,14.42,6.58,2018-08-20,0
339,000889.SZ,2016-10-27,10.59,9.27,16.54,11078.0,74.67,16.56,2019-07-22,0
340,000890.SZ,2016-12-28,7.57,6.63,11.83,7500.0,93.78,19.76,2017-11-17,0
341,000892.SZ,2018-02-06,4.61,4.03,7.2,1143.93,95.85,1.17,2018-10-11,0
342,000892.SZ,2017-07-31,6.05,5.3,9.46,978.93,100.0,1.0,2018-06-14,0
343,000892.SZ,2017-05-11,6.55,5.73,10.23,235.74,100.0,0.24,2018-06-04,0
344,000892.SZ,2017-04-26,6.55,5.73,10.23,235.74,100.0,0.24,2018-06-04,0
345,000892.SZ,2017-02-06,8.56,7.49,13.37,10550.46,98.92,10.76,2017-11-17,0
346,000892.SZ,2017-01-19,8.1,7.08,12.65,2293.58,100.0,2.34,2017-11-24,0
347,000892.SZ,2017-01-19,8.1,7.08,12.65,4793.58,93.55,4.89,2017-11-24,0
348,000892.SZ,2016-12-14,8.78,7.68,13.72,881.31,100.0,1.09,2017-11-17,0
349,000892.SZ,2016-12-14,8.78,7.68,13.72,5663.88,100.0,7.03,2017-11-17,0
350,000892.SZ,2016-12-14,8.78,7.68,13.72,4919.41,100.0,6.11,2017-11-17,0
351,000892.SZ,2016-07-22,10.12,8.85,15.81,1000.0,48.32,2.42,2017-08-08,0
352,000893.SZ,2017-05-08,8.73,7.64,13.64,16160.79,98.55,21.35,2017-11-21,1
353,000893.SZ,2017-03-08,9.41,8.24,14.71,3784.52,100.0,5.0,2017-07-17,1
354,000893.SZ,2017-02-27,9.29,8.13,14.52,16160.79,98.55,21.35,2017-07-17,1
355,000893.SZ,2016-01-05,9.92,8.68,15.5,16311.0,99.47,21.55,2017-07-11,1
356,000908.SZ,2017-06-19,5.33,4.66,8.33,2676.62,60.63,3.04,2018-06-28,0
357,000908.SZ,2017-05-12,5.02,4.4,7.85,4080.38,92.42,4.64,2018-07-04,0
358,000908.SZ,2017-05-12,5.02,4.4,7.85,4080.38,92.42,4.64,2018-07-04,0
359,000908.SZ,2017-05-12,5.02,4.4,7.85,2416.62,54.74,2.75,2018-07-04,0
360,000908.SZ,2017-05-12,5.02,4.4,7.85,2416.62,54.74,2.75,2018-07-04,0
361,000908.SZ,2017-05-12,5.02,4.4,7.85,4080.38,92.42,4.64,2018-07-04,0
362,000908.SZ,2017-05-11,5.02,4.39,7.84,8308.5,48.68,9.44,2018-07-04,0
363,000908.SZ,2017-05-11,5.02,4.39,7.84,8308.5,48.68,9.44,2018-07-04,0
364,000908.SZ,2017-04-25,5.54,4.85,8.66,3960.54,89.71,4.5,2018-06-19,0
365,000908.SZ,2017-04-25,5.54,4.85,8.66,3960.54,89.71,4.5,2018-06-19,0
366,000908.SZ,2017-03-01,6.61,5.79,10.33,10118.5,59.28,11.5,2018-01-31,0
367,000908.SZ,2017-01-18,6.12,5.35,9.56,3916.54,88.71,4.45,2018-02-02,0
368,000908.SZ,2017-01-18,6.12,5.35,9.56,3916.54,88.71,4.45,2018-02-02,0
369,000908.SZ,2017-01-18,6.12,5.35,9.56,3916.54,88.71,4.45,2018-02-02,0
370,000908.SZ,2017-01-17,6.13,5.36,9.58,2364.35,53.55,2.69,2018-02-01,0
371,000908.SZ,2016-12-26,6.69,5.85,10.45,8138.5,47.68,9.25,2018-01-31,0
372,000908.SZ,2016-11-11,7.43,6.5,11.61,13198.37,75.78,15.0,2017-11-17,0
373,000908.SZ,2016-07-12,7.82,6.84,12.22,2312.0,52.37,2.63,2017-11-13,0
374,000908.SZ,2016-07-12,7.82,6.84,12.22,2312.0,52.37,2.63,2017-11-13,0
375,000908.SZ,2016-07-12,7.82,6.84,12.22,3056.0,69.22,3.47,2017-11-13,0
376,000908.SZ,2016-07-12,7.82,6.84,12.22,3056.0,69.22,3.47,2017-11-13,0
377,000908.SZ,2016-07-12,7.82,6.84,12.22,1641.0,37.17,1.87,2017-11-13,0
378,000908.SZ,2016-07-12,7.82,6.84,12.22,1641.0,37.17,1.87,2017-11-13,0
379,000908.SZ,2016-07-12,7.82,6.84,12.22,10560.0,60.63,12.0,2017-11-13,0
380,000908.SZ,2016-06-22,7.58,6.64,11.85,2312.0,52.37,2.63,2017-11-16,0
381,000908.SZ,2016-06-22,7.58,6.64,11.85,7306.5,42.81,8.3,2017-11-16,0
382,000908.SZ,2016-06-22,7.58,6.64,11.85,7306.5,42.81,8.3,2017-11-16,0
383,000908.SZ,2016-06-22,7.58,6.64,11.85,7306.5,42.81,8.3,2017-11-16,0
384,000908.SZ,2016-06-22,7.58,6.64,11.85,3056.0,69.22,3.47,2017-11-16,0
385,000908.SZ,2016-04-29,6.91,6.05,10.8,2312.0,52.37,2.63,2017-11-23,0
386,000908.SZ,2016-04-27,7.21,6.31,11.27,3056.0,69.22,3.47,2017-11-17,0
387,000910.SZ,2018-06-05,13.07,11.44,20.42,23636.0,93.72,42.57,2018-10-09,0
388,000910.SZ,2018-06-05,13.07,11.44,20.42,23636.0,93.72,42.57,2018-10-09,0
389,000910.SZ,2018-06-05,13.07,11.44,20.42,23636.0,93.72,42.57,2018-10-09,0
390,000910.SZ,2018-06-05,13.07,11.44,20.42,23636.0,93.72,42.57,2018-10-09,0
391,000910.SZ,2018-06-05,13.07,11.44,20.42,23636.0,93.72,42.57,2018-10-09,0
392,000910.SZ,2018-03-30,12.71,11.12,19.86,23636.0,93.72,42.57,2018-10-11,0
393,000910.SZ,2018-03-30,12.71,11.12,19.86,23636.0,93.72,42.57,2018-10-11,0
394,000910.SZ,2018-03-29,12.75,11.16,19.93,23636.0,93.72,42.57,2018-10-11,0
395,000910.SZ,2018-02-28,13.55,11.86,21.18,23800.0,94.37,42.86,2018-10-08,0
396,000910.SZ,2018-02-28,13.55,11.86,21.18,23800.0,94.37,42.86,2018-10-08,0
397,000910.SZ,2018-02-28,13.55,11.86,21.18,23800.0,94.37,42.86,2018-10-08,0
398,000910.SZ,2017-11-24,13.64,11.93,21.31,23800.0,94.37,42.86,2018-10-08,0
399,000910.SZ,2017-08-03,13.77,12.05,21.51,22500.0,89.21,42.39,2018-09-18,0
400,000910.SZ,2017-08-03,13.77,12.05,21.51,22500.0,89.21,42.39,2018-09-18,0
401,000910.SZ,2017-06-21,15.29,13.38,23.88,22500.0,89.21,42.39,2018-07-23,0
402,000923.SZ,2017-09-14,18.38,16.08,28.72,5825.0,93.2,8.92,2018-06-08,0
403,000923.SZ,2017-09-13,18.29,16.01,28.58,5825.0,93.2,8.92,2018-06-08,0
404,000923.SZ,2017-08-30,18.31,16.02,28.6,3846.0,97.69,5.89,2018-06-08,0
405,000928.SZ,2017-04-24,6.42,5.61,10.03,11285.06,50.0,16.15,2018-03-23,0
406,000928.SZ,2017-04-24,6.42,5.61,10.03,6551.28,50.0,9.38,2018-03-23,0
407,000928.SZ,2017-04-24,6.42,5.61,10.03,199.76,50.0,0.29,2018-03-23,0
408,000928.SZ,2017-03-09,6.4,5.6,10.01,11285.06,50.0,16.15,2018-03-23,0
409,000928.SZ,2017-03-09,6.4,5.6,10.01,199.76,8.0,0.29,2018-03-23,0
410,000928.SZ,2017-03-09,6.4,5.6,10.01,6551.28,50.0,9.38,2018-03-23,0
411,000935.SZ,2016-11-09,23.48,20.54,36.69,19791.33,97.76,25.92,2017-11-07,0
412,000959.SZ,2017-08-25,4.64,4.06,7.25,150000.0,35.72,28.36,2018-05-28,0
413,000959.SZ,2017-08-25,4.64,4.06,7.25,150000.0,35.72,28.36,2018-05-28,0
414,000978.SZ,2017-03-22,7.12,6.23,11.12,5761.6,100.0,16.0,2018-06-19,0
415,000980.SZ,2018-08-02,4.39,3.84,6.86,53695.0,67.43,26.35,2019-08-06,0
416,000980.SZ,2018-08-01,4.55,3.98,7.11,59205.0,74.35,29.05,2019-08-06,0
417,000980.SZ,2018-06-25,4.44,3.89,6.94,53695.0,67.81,26.35,2019-08-06,0
418,000980.SZ,2018-06-25,4.44,3.89,6.94,53695.0,67.81,26.35,2019-08-06,0
419,000980.SZ,2018-06-21,4.36,3.82,6.82,33695.0,42.56,16.54,2019-08-06,0
420,000980.SZ,2017-11-23,8.04,7.03,12.56,10400.0,98.52,5.1,2018-06-19,0
421,000980.SZ,2017-11-15,9.09,7.95,14.2,10400.0,98.52,5.1,2018-06-11,0
422,000980.SZ,2017-07-25,6.77,5.92,10.58,64784.91,82.4,31.95,2018-08-17,0
423,000980.SZ,2017-07-19,7.0,6.13,10.94,10652.0,90.0,5.82,2018-08-16,0
424,000980.SZ,2017-07-12,7.67,6.71,11.99,10400.0,98.52,5.68,2018-08-06,0
425,000980.SZ,2017-07-12,7.67,6.71,11.99,10400.0,98.52,5.68,2018-08-06,0
426,000989.SZ,2018-04-11,13.37,11.69,20.88,24972.0,67.86,28.72,2018-10-18,0
427,000989.SZ,2018-04-09,13.34,11.67,20.84,24972.0,67.86,28.72,2018-10-18,0
428,000989.SZ,2018-04-03,13.38,11.71,20.91,32394.0,88.03,37.26,2018-10-18,0
429,000989.SZ,2016-12-28,12.64,11.06,19.74,27482.0,74.68,31.61,2018-10-19,0
430,000989.SZ,2016-09-13,15.23,13.33,23.8,27482.0,74.68,31.61,2018-08-08,0
431,000989.SZ,2016-09-12,15.46,13.53,24.16,27482.0,74.68,31.61,2018-08-08,0
432,000989.SZ,2016-08-25,14.64,12.81,22.87,27482.0,74.68,31.61,2018-10-17,0
433,000998.SZ,2018-03-22,16.02,14.02,25.03,9262.39,77.67,7.37,2018-10-11,0
434,001696.SZ,2016-06-22,6.49,5.68,10.15,11120.0,48.31,9.71,2018-02-01,0
435,002002.SZ,2017-03-21,5.37,4.7,8.39,37910.00778467909,82.15942010362694,18.55983436853002,2018-06-28,0
436,002008.SZ,2018-07-25,39.74,34.77,49.68,16098.0,99.34,15.09,2018-10-19,0
437,002009.SZ,2018-03-09,10.61,9.29,16.58,5526.0,88.57,14.91,2018-09-10,0
438,002009.SZ,2017-12-19,11.04,9.66,17.25,4147.83,97.82,11.19,2018-09-05,0
439,002009.SZ,2016-10-14,10.77,9.42,16.82,2323.5,57.71,6.37,2018-09-06,0
440,002009.SZ,2016-10-11,11.05,9.66,17.26,2323.5,57.71,6.37,2018-09-05,0
441,002011.SZ,2016-06-17,6.5,5.69,10.16,18000.0,66.58,19.62,2018-10-09,0
442,002026.SZ,2016-09-21,7.37,6.44,11.51,5792.0,54.99,13.79,2018-05-30,0
443,002031.SZ,2017-03-21,2.4,2.1,3.75,18171.7,45.3,8.26,2018-07-05,0
444,002034.SZ,2018-05-17,17.51,15.32,27.36,9921.38,69.45,23.82,2018-09-03,0
445,002034.SZ,2018-01-15,18.09,15.83,28.26,9471.38,66.3,22.74,2018-08-24,0
446,002034.SZ,2017-04-28,19.68,17.22,30.75,437.48,62.7,4.05,2018-08-06,0
447,002034.SZ,2017-04-17,18.13,15.87,28.33,373.38,57.28,3.46,2018-08-24,0
448,002038.SZ,2018-06-26,15.82,13.84,24.72,6450.0,44.66,9.42,2019-07-22,0
449,002043.SZ,2018-03-14,6.96,6.09,10.88,1000.0,19.68,1.16,2018-10-11,0
450,002043.SZ,2018-03-14,6.96,6.09,10.88,15600.0,68.02,18.09,2018-10-11,0
451,002043.SZ,2017-12-21,7.12,6.23,11.13,12600.0,54.94,14.61,2018-10-11,0
452,002043.SZ,2017-05-11,8.41,7.36,13.14,16000.0,66.2,19.32,2018-07-06,0
453,002043.SZ,2016-09-23,8.08,7.07,12.62,12600.0,54.94,14.61,2018-08-06,0
454,002044.SZ,2018-03-08,13.75,12.03,17.18,23523.17,95.28,9.04,2019-07-10,0
455,002050.SZ,2018-01-12,11.96,10.46,14.94,27300.0,34.63,12.88,2019-05-20,0
456,002052.SZ,2016-04-06,6.42,5.62,10.03,12310.7,97.76,16.5,2017-06-01,0
457,002052.SZ,2016-03-22,6.42,5.62,10.03,12245.7,99.47,16.42,2017-06-01,0
458,002055.SZ,2018-01-18,12.15,10.64,18.99,12385.8,88.61,26.51,2018-10-09,0
459,002062.SZ,2017-02-16,4.09,3.58,6.39,29190.0,58.93,26.48,2018-06-19,0
460,002062.SZ,2017-02-08,4.08,3.57,6.38,9130.0,57.39,8.28,2018-06-19,0
461,002067.SZ,2017-11-30,3.79,3.31,5.92,6900.0,38.72,6.11,2018-10-11,0
462,002067.SZ,2017-04-24,3.79,3.32,5.92,10000.0,56.12,9.14,2018-10-11,0
463,002068.SZ,2017-08-17,6.12,5.36,9.56,8375.07,29.02,11.52,2019-05-09,0
464,002068.SZ,2017-08-17,6.12,5.36,9.56,9606.84,100.0,13.21,2019-05-09,0
465,002068.SZ,2017-08-17,6.12,5.36,9.56,9606.84,100.0,13.21,2019-05-09,0
466,002069.SZ,2017-12-06,5.06,4.42,7.9,21876.0,100.0,30.76,2018-02-12,0
467,002071.SZ,2019-04-01,3.81,3.34,5.96,3250.0,79.67,6.19,2019-08-05,0
468,002071.SZ,2018-06-22,3.71,3.24,5.79,192.73,80.1,0.37,2019-08-06,0
469,002071.SZ,2018-06-22,3.71,3.24,5.79,77.34,48.21,0.15,2019-08-06,0
470,002071.SZ,2018-04-11,5.44,4.76,8.5,3548.0,86.98,6.75,2018-10-15,0
471,002071.SZ,2018-03-21,5.55,4.86,8.67,15856.0,84.65,30.18,2018-10-11,0
472,002071.SZ,2018-02-08,6.05,5.29,9.45,18256.0,97.47,34.74,2018-08-17,0
473,002071.SZ,2018-01-18,6.08,5.32,9.5,15606.0,83.32,29.7,2018-07-11,0
474,002071.SZ,2017-12-26,6.63,5.8,10.36,169.05,70.26,0.32,2018-06-22,0
475,002071.SZ,2017-12-22,6.94,6.07,10.84,67.62,42.15,0.13,2018-06-22,0
476,002071.SZ,2017-12-22,6.94,6.07,10.84,33.81,14.05,0.06,2018-06-22,0
477,002071.SZ,2017-11-13,6.36,5.57,9.94,18206.0,99.43,34.65,2018-06-26,0
478,002071.SZ,2017-10-30,6.36,5.57,9.94,16706.0,91.24,31.79,2018-06-26,0
479,002071.SZ,2017-10-17,6.36,5.57,9.94,14186.0,77.48,27.0,2018-06-26,0
480,002071.SZ,2017-08-21,6.53,5.72,10.21,18223.64,99.53,34.68,2018-06-25,0
481,002071.SZ,2016-03-08,8.32,7.28,12.99,18223.64,99.53,34.68,2018-06-20,0
482,002074.SZ,2017-11-15,16.24,14.21,25.37,4000.0,18.42,4.56,2018-06-14,0
483,002075.SZ,2018-09-26,10.27,8.98,16.04,11220.0,80.14,5.08,2018-11-28,0
484,002076.SZ,2018-06-05,3.62,3.17,5.66,176.72,13.97,0.23,2018-10-08,0
485,002076.SZ,2018-04-12,3.54,3.1,5.53,22096.0,90.54,30.26,2018-10-08,0
486,002076.SZ,2017-05-18,4.52,3.96,7.07,37910.00778467909,82.15942010362694,18.55983436853002,2018-08-27,0
487,002076.SZ,2016-08-08,5.35,4.68,8.35,3940.0,95.31,10.73,2018-02-01,0
488,002077.SZ,2018-03-30,7.03,6.15,10.98,14200.0,49.97,24.47,2018-07-06,0
489,002092.SZ,2018-02-02,8.98,7.85,14.03,15033.07,74.82,7.0,2018-10-11,0
490,002092.SZ,2018-02-01,8.9,7.78,13.9,14893.47,74.13,6.94,2018-10-11,0
491,002092.SZ,2018-02-01,8.9,7.78,13.9,14893.47,74.13,6.94,2018-10-11,0
492,002092.SZ,2018-02-01,8.9,7.78,13.9,14893.47,74.13,6.94,2018-10-11,0
493,002092.SZ,2018-01-16,8.94,7.82,13.97,15089.87,75.1,7.03,2018-10-11,0
494,002092.SZ,2018-01-10,9.19,8.04,14.36,14935.52,74.34,6.98,2018-10-11,0
495,002092.SZ,2018-01-08,9.39,8.21,14.66,15074.92,75.03,7.02,2018-09-17,0
496,002092.SZ,2017-12-19,8.4,7.35,13.12,12731.01,90.27,5.93,2018-10-11,0
497,002092.SZ,2017-12-11,8.83,7.72,13.79,12710.95,63.26,5.92,2018-10-11,0
498,002092.SZ,2017-12-07,8.43,7.38,13.18,13160.95,65.5,6.13,2018-10-11,0
499,002092.SZ,2017-12-07,8.43,7.38,13.18,13160.95,65.5,6.13,2018-10-11,0
500,002092.SZ,2017-11-22,8.46,7.4,13.21,14016.65,69.76,6.53,2018-10-11,0
501,002092.SZ,2017-11-16,8.51,7.45,13.3,13720.35,68.29,6.39,2018-10-11,0
502,002092.SZ,2017-10-30,8.78,7.69,13.73,10931.01,100.0,5.09,2018-10-11,0
503,002092.SZ,2017-09-15,9.96,8.72,15.56,17796.76,88.58,8.29,2018-07-05,0
504,002092.SZ,2017-09-15,9.96,8.72,15.56,17796.76,88.58,8.29,2018-07-05,0
505,002092.SZ,2017-09-15,9.96,8.72,15.56,17796.76,88.58,8.29,2018-07-05,0
506,002092.SZ,2017-09-13,10.56,9.24,16.5,21518.09,99.72,10.02,2018-07-04,0
507,002092.SZ,2017-08-25,9.59,8.39,14.98,19208.99,89.02,8.95,2018-09-10,0
508,002094.SZ,2017-04-26,8.6,7.52,13.44,8698.5,99.98,23.06,2018-09-07,0
509,002094.SZ,2017-03-15,10.53,9.21,16.45,2000.0,100.0,5.3,2018-06-15,0
510,002094.SZ,2017-03-15,10.53,9.21,16.45,2000.0,100.0,5.3,2018-06-15,0
511,002094.SZ,2017-03-15,10.53,9.21,16.45,2000.0,100.0,5.3,2018-06-15,0
512,002094.SZ,2017-03-15,10.53,9.21,16.45,2000.0,100.0,5.3,2018-06-15,0
513,002094.SZ,2016-07-18,9.54,8.35,14.91,8698.5,99.98,23.06,2018-08-03,0
514,002098.SZ,2019-04-02,6.67,5.84,10.42,3010.57,98.21,8.41,2019-05-23,0
515,002098.SZ,2017-03-29,10.65,9.32,16.64,3064.88,99.98,8.56,2018-09-17,0
516,002098.SZ,2016-12-19,12.99,11.37,20.3,8950.0,100.0,25.0,2018-09-13,0
517,002098.SZ,2016-12-15,12.99,11.37,20.3,8950.0,100.0,25.0,2018-09-13,0
518,002098.SZ,2016-12-13,12.99,11.37,20.3,8950.0,100.0,25.0,2018-09-13,0
519,002103.SZ,2017-06-30,8.44,7.38,13.18,10771.47,88.64,19.61,2018-05-09,0
520,002103.SZ,2017-06-30,8.44,7.38,13.18,10771.47,88.64,19.61,2018-05-09,0
521,002103.SZ,2016-03-09,10.1,8.84,15.78,1561.34,100.0,5.12,2018-05-07,0
522,002108.SZ,2016-09-12,6.59,5.77,10.3,1500.0,16.03,2.43,2018-05-29,0
523,002114.SZ,2018-03-07,10.37,9.08,16.21,6070.0,99.83,18.77,2018-06-28,0
524,002114.SZ,2018-03-07,10.37,9.08,16.21,6070.0,99.83,18.77,2018-06-28,0
525,002114.SZ,2018-03-07,10.37,9.08,16.21,6070.0,99.83,18.77,2018-06-28,0
526,002114.SZ,2018-03-07,10.37,9.08,16.21,6070.0,99.83,18.77,2018-06-28,0
527,002114.SZ,2016-11-30,16.62,14.54,25.97,0.0,82.15942010362694,0.0,2018-04-26,0
528,002121.SZ,2018-05-11,5.34,4.67,8.34,60037.35,98.84,42.64,2018-10-18,0
529,002121.SZ,2018-04-12,5.48,4.79,8.56,51908.35,85.45,36.86,2018-10-16,0
530,002121.SZ,2017-12-18,5.8,5.08,9.06,56622.35,93.21,40.21,2018-10-12,0
531,002121.SZ,2017-12-07,5.75,5.03,8.98,56622.35,93.21,40.21,2018-10-12,0
532,002121.SZ,2017-11-14,6.68,5.85,10.44,57537.35,94.72,40.86,2018-08-06,0
533,002121.SZ,2017-11-08,6.31,5.52,9.86,57537.35,94.72,40.86,2018-08-07,0
534,002121.SZ,2017-11-08,6.31,5.52,9.86,57537.35,94.72,40.86,2018-08-07,0
535,002121.SZ,2017-11-07,6.27,5.49,9.8,57537.35,94.72,40.86,2018-08-22,0
536,002121.SZ,2017-04-24,5.34,4.67,8.34,57487.35,94.64,40.86,2018-10-18,0
537,002121.SZ,2017-04-24,5.34,4.67,8.34,57487.35,94.64,40.86,2018-10-18,0
538,002121.SZ,2017-03-23,5.88,5.14,9.18,54737.35,90.11,38.91,2018-10-11,0
539,002121.SZ,2017-02-21,5.73,5.01,8.95,42250.0,86.54,35.4,2018-10-12,0
540,002131.SZ,2017-07-17,1.96,1.72,3.07,48179.82,56.69,8.67,2018-10-11,0
541,002131.SZ,2016-07-14,3.42,2.99,5.34,65382.0,76.93,11.7,2017-08-22,0
542,002131.SZ,2016-01-28,2.57,2.25,4.01,47232.79,70.3,8.45,2018-06-19,0
543,002132.SZ,2017-09-28,3.47,3.04,5.42,20657.87,77.68,16.44,2018-06-12,0
544,002132.SZ,2017-09-20,3.67,3.21,5.73,8168.35,100.0,6.5,2018-05-11,0
545,002132.SZ,2017-09-20,3.67,3.21,5.73,6702.72,97.96,5.33,2018-05-11,0
546,002141.SZ,2017-07-20,4.58,4.0,7.15,15900.65,99.91,14.01,2018-07-05,0
547,002141.SZ,2017-07-13,4.58,4.0,7.15,29220.0,98.93,25.75,2018-07-05,0
548,002141.SZ,2017-03-23,5.17,4.52,8.08,29155.86,98.71,25.7,2018-06-19,0
549,002160.SZ,2018-04-03,3.63,3.18,5.68,1259.99,56.58,1.67,2019-01-31,0
550,002160.SZ,2018-03-27,3.67,3.21,5.74,2601.0,99.98,3.44,2019-01-31,0
551,002160.SZ,2018-03-06,4.35,3.81,6.79,8369.0,98.43,11.06,2018-10-15,0
552,002160.SZ,2018-02-06,4.21,3.68,6.58,10075.0,54.7,13.91,2019-01-02,0
553,002160.SZ,2016-12-17,5.58,4.88,8.72,8369.0,98.43,11.06,2018-06-13,0
554,002160.SZ,2016-12-15,5.57,4.87,8.7,2601.0,99.98,3.44,2018-06-13,0
555,002160.SZ,2016-08-18,5.95,5.21,9.3,6620.0,62.01,9.14,2018-05-30,0
556,002160.SZ,2016-07-08,5.93,5.19,9.26,4720.0,44.21,6.52,2018-05-30,0
557,002160.SZ,2016-03-22,6.17,5.4,9.64,3500.0,22.04,5.48,2018-05-30,0
558,002164.SZ,2017-11-27,5.8,5.08,9.07,13700.0,98.92,19.59,2018-07-03,0
559,002164.SZ,2017-09-27,6.34,5.55,9.91,4900.0,71.67,7.01,2018-06-19,0
560,002164.SZ,2017-09-18,6.25,5.47,9.76,13000.0,93.86,19.78,2018-06-19,0
561,002164.SZ,2017-08-25,6.51,5.7,10.17,13000.0,93.86,19.78,2018-06-19,0
562,002164.SZ,2017-08-25,6.51,5.7,10.17,2860.0,72.97,4.35,2018-06-19,0
563,002164.SZ,2017-06-27,6.38,5.58,9.97,12500.0,90.25,28.05,2018-06-19,0
564,002164.SZ,2017-05-19,6.49,5.68,10.14,13850.0,100.0,31.08,2018-06-19,0
565,002164.SZ,2016-08-22,6.0,5.25,9.38,37910.00778467909,82.15942010362694,18.55983436853002,2018-07-02,0
566,002165.SZ,2017-01-09,5.53,4.84,8.65,6600.0,39.16,10.96,2018-04-19,0
567,002167.SZ,2017-08-17,7.94,6.95,12.41,6673.88,98.87,10.75,2018-06-15,0
568,002169.SZ,2016-10-31,6.14,5.38,9.6,639.39,68.18,1.62,2017-11-27,0
569,002170.SZ,2017-09-05,4.65,4.07,7.27,7144.0,28.83,8.03,2018-06-15,0
570,002170.SZ,2017-06-02,4.49,3.93,7.01,37910.00778467909,82.15942010362694,18.55983436853002,2018-06-19,0
571,002170.SZ,2017-05-31,4.53,3.96,7.07,37910.00778467909,82.15942010362694,18.55983436853002,2018-06-19,0
572,002170.SZ,2017-05-23,4.56,3.99,7.12,37910.00778467909,82.15942010362694,18.55983436853002,2018-06-19,0
573,002170.SZ,2017-05-22,4.63,4.05,7.23,37910.00778467909,82.15942010362694,18.55983436853002,2018-06-19,0
574,002170.SZ,2017-05-18,4.72,4.13,7.38,37910.00778467909,82.15942010362694,18.55983436853002,2018-06-15,0
575,002170.SZ,2017-04-24,4.92,4.31,7.69,37910.00778467909,82.15942010362694,18.55983436853002,2018-06-14,0
576,002170.SZ,2016-11-01,6.28,5.49,9.81,37910.00778467909,82.15942010362694,18.55983436853002,2018-02-01,0
577,002170.SZ,2016-10-17,6.35,5.55,9.92,37910.00778467909,82.15942010362694,18.55983436853002,2018-02-01,0
578,002172.SZ,2017-08-25,5.08,4.45,7.94,30355.0,84.29,41.38,2018-07-05,0
579,002172.SZ,2017-05-24,4.78,4.18,7.47,17100.0,47.48,23.31,2018-09-03,0
580,002172.SZ,2017-02-24,6.92,6.06,10.82,20840.0,57.87,28.41,2017-12-07,0
581,002172.SZ,2017-01-16,6.53,5.71,10.2,14340.0,39.82,19.55,2018-02-01,0
582,002172.SZ,2016-11-14,7.03,6.15,10.98,16240.0,45.09,22.14,2017-12-05,0
583,002173.SZ,2017-12-22,8.63,7.55,13.49,4608.05,100.0,10.11,2018-12-26,0
584,002173.SZ,2017-12-22,8.63,7.55,13.49,4495.74,97.56,9.86,2018-12-26,0
585,002173.SZ,2017-08-10,9.27,8.11,14.49,4495.74,97.56,9.86,2018-12-17,0
586,002173.SZ,2017-07-24,9.29,8.13,14.52,848.9,100.0,1.86,2018-12-14,0
587,002173.SZ,2017-06-15,10.33,9.04,16.13,3350.0,72.7,7.35,2018-10-11,0
588,002173.SZ,2016-09-05,12.25,10.72,19.14,4608.05,100.0,10.11,2018-02-09,0
589,002173.SZ,2016-05-19,10.79,9.44,16.86,2600.0,56.42,5.69,2018-10-11,0
590,002173.SZ,2016-03-14,10.92,9.56,17.07,737.31,86.86,1.61,2018-10-11,0
591,002173.SZ,2016-02-03,13.46,11.78,21.03,6970.0,84.51,34.47,2018-02-02,0
597,002147.SZ,2016-12-05,18.03,15.77,28.17,30280.58,97.83,34.08,2017-01-16,0
598,002176.SZ,2018-09-03,4.82,4.22,7.53,11555.02,47.97,7.86,2019-07-31,0
599,002178.SZ,2018-02-27,4.35,3.81,6.8,6738.91,100.0,9.41,2018-10-11,0
600,002183.SZ,2017-05-16,5.28,4.62,8.25,38881.0,50.66,18.35,2019-01-29,0
601,002183.SZ,2017-04-27,5.5,4.81,8.6,36559.0,47.64,17.26,2019-01-23,0
602,002183.SZ,2017-02-27,6.97,6.1,10.89,32029.51,84.52,15.09,2018-07-11,0
603,002183.SZ,2017-01-05,6.92,6.06,10.81,27088.0,35.3,12.82,2018-07-18,0
604,002183.SZ,2017-01-05,6.92,6.06,10.81,54002.31,70.37,25.44,2018-07-18,0
605,002193.SZ,2017-09-25,10.6,9.27,16.56,4188.0,99.57,16.0,2018-12-25,0
606,002193.SZ,2016-09-26,13.01,11.38,20.33,4160.0,98.91,15.9,2018-07-04,0
607,002193.SZ,2016-09-26,13.01,11.38,20.33,4160.0,98.91,15.9,2018-07-04,0
608,002193.SZ,2016-09-26,13.01,11.38,20.33,4160.0,98.91,15.9,2018-07-04,0
609,002193.SZ,2016-08-24,12.1,10.59,18.91,3051.47,100.0,11.66,2018-07-05,0
610,002196.SZ,2017-08-30,6.67,5.83,10.42,7084.92,95.4,15.71,2018-10-11,0
611,002196.SZ,2017-06-05,6.51,5.7,10.18,3824.74,87.55,14.42,2018-10-11,0
612,002196.SZ,2017-03-17,8.45,7.39,13.2,6739.92,90.76,14.95,2018-06-19,0
613,002197.SZ,2017-04-20,8.44,7.38,13.18,4360.99,41.66,8.39,2018-10-12,0
614,002197.SZ,2017-04-17,9.26,8.1,14.46,4360.99,41.66,8.39,2018-06-19,0
615,002197.SZ,2016-11-16,11.79,10.32,18.42,1950.0,18.63,3.75,2018-02-01,0
616,002198.SZ,2017-04-13,8.88,7.77,13.88,259.46,56.28,0.51,2018-05-24,0
617,002213.SZ,2017-03-23,16.78,14.68,26.22,1817.9,100.0,8.82,2018-01-31,0
618,002219.SZ,2017-10-12,7.57,6.62,11.83,79055.72,99.57,42.38,2018-07-06,0
619,002219.SZ,2017-01-19,7.8,6.82,12.18,79055.72,99.57,42.38,2018-07-06,0
620,002219.SZ,2016-12-12,8.12,7.11,12.69,79055.72,99.57,42.38,2018-07-05,0
621,002229.SZ,2017-04-26,7.94,6.95,12.41,1242.0,89.12,2.48,2018-08-03,0
622,002229.SZ,2017-04-26,7.94,6.95,12.41,1242.0,89.12,2.48,2018-08-03,0
623,002229.SZ,2017-04-25,7.84,6.86,12.25,800.0,27.96,1.6,2018-08-17,0
624,002229.SZ,2017-04-05,10.06,8.8,15.72,1242.0,89.12,2.48,2018-02-09,0
625,002229.SZ,2017-03-30,10.36,9.06,16.18,800.0,27.96,1.6,2018-02-09,0
626,002229.SZ,2017-01-18,8.73,7.64,13.64,4828.0,64.62,9.63,2018-08-02,0
627,002229.SZ,2016-12-21,10.43,9.13,16.3,4828.0,86.16,9.66,2018-02-09,0
628,002229.SZ,2016-09-21,10.3,9.02,16.1,1242.0,89.12,2.48,2018-02-09,0
629,002229.SZ,2016-09-12,9.27,8.11,14.49,4828.0,64.62,9.63,2018-07-11,0
630,002229.SZ,2016-09-12,9.27,8.11,14.49,4828.0,64.62,9.63,2018-07-11,0
631,002235.SZ,2016-04-11,8.55,7.48,13.36,4778.0,62.62,11.49,2018-06-15,0
632,002239.SZ,2019-03-11,1.91,1.67,2.99,3000.0,8.48,0.96,2019-08-07,0
633,002239.SZ,2018-08-20,2.32,2.03,3.62,19300.0,59.3,6.16,2018-10-12,0
634,002239.SZ,2018-08-03,2.32,2.03,3.62,18800.0,57.77,6.0,2018-10-12,0
635,002239.SZ,2018-07-06,2.32,2.03,3.62,17700.0,54.39,5.65,2018-10-12,0
636,002239.SZ,2018-02-22,2.35,2.06,3.67,17300.0,53.16,5.52,2018-10-12,0
637,002239.SZ,2017-09-20,3.39,2.97,5.3,50550.0,99.35,16.14,2018-09-03,0
638,002239.SZ,2016-01-21,2.73,2.39,4.27,15165.88,84.37,14.13,2018-09-11,0
639,002240.SZ,2017-11-15,10.14,8.87,15.84,8063.0,95.26,15.06,2018-10-12,0
640,002240.SZ,2017-09-28,10.53,9.21,16.45,8463.0,99.16,15.81,2018-10-11,0
641,002241.SZ,2017-10-10,15.49,13.56,19.37,16000.0,20.62,4.93,2018-02-06,0
642,002245.SZ,2018-03-09,5.92,5.18,9.25,600.0,8.61,0.61,2018-08-17,0
643,002245.SZ,2017-09-04,5.89,5.15,9.2,25900.0,81.49,26.23,2018-08-17,0
644,002247.SZ,2018-06-22,5.26,4.6,8.22,13011.0,99.75,15.29,2018-10-15,0
645,002247.SZ,2018-06-21,5.22,4.57,8.16,8000.0,100.0,9.4,2018-10-16,0
646,002247.SZ,2018-05-09,7.69,6.73,12.01,7611.0,58.35,8.94,2018-08-29,0
647,002247.SZ,2018-04-10,7.85,6.87,12.26,7141.0,54.75,8.39,2018-08-02,0
648,002247.SZ,2018-02-22,7.8,6.83,12.19,7141.0,54.75,8.39,2018-08-02,0
649,002247.SZ,2018-01-10,8.13,7.11,12.7,5000.0,62.5,5.87,2018-07-11,0
650,002247.SZ,2017-09-26,8.93,7.81,13.95,6000.0,46.0,7.05,2018-07-02,0
651,002247.SZ,2017-05-09,9.11,7.97,14.23,4000.0,30.67,4.7,2018-07-02,0
652,002247.SZ,2017-02-21,10.18,8.91,15.91,2000.0,15.33,2.35,2018-06-21,0
653,002251.SZ,2017-02-24,9.6,8.4,15.0,1698.37,5.32,1.97,2018-10-08,0
665,002252.SZ,2018-09-10,15.62,13.66,19.52,151052.93,94.67,30.36,2018-12-12,0
666,002252.SZ,2018-09-05,15.62,13.66,19.52,151052.93,94.67,30.36,2018-12-12,0
667,002252.SZ,2018-09-04,15.62,13.66,19.52,146061.88,96.79,29.36,2018-12-12,0
668,002252.SZ,2018-09-04,15.62,13.66,19.52,146061.88,96.79,29.36,2018-12-12,0
669,002252.SZ,2018-09-04,15.62,13.66,19.52,146061.88,96.79,29.36,2018-12-12,0
670,002252.SZ,2018-09-04,15.62,13.66,19.52,146061.88,96.79,29.36,2018-12-12,0
671,002252.SZ,2018-09-04,15.62,13.66,19.52,146061.88,96.79,29.36,2018-12-12,0
672,002252.SZ,2018-08-15,15.62,13.66,19.52,146061.88,96.79,29.36,2018-12-12,0
673,002252.SZ,2018-08-15,15.62,13.66,19.52,146061.88,96.79,29.36,2018-12-12,0
674,002252.SZ,2018-08-14,15.62,13.66,19.52,145518.89,96.43,29.25,2018-12-12,0
675,002252.SZ,2018-08-14,15.62,13.66,19.52,145518.89,96.43,29.25,2018-12-12,0
676,002252.SZ,2018-08-14,15.62,13.66,19.52,145518.89,96.43,29.25,2018-12-12,0
677,002252.SZ,2018-08-14,15.62,13.66,19.52,145518.89,96.43,29.25,2018-12-12,0
678,002252.SZ,2018-08-13,15.62,13.66,19.52,145518.89,96.43,29.25,2018-12-12,0
679,002252.SZ,2018-08-13,15.62,13.66,19.52,145518.89,96.43,29.25,2018-12-12,0
680,002252.SZ,2018-08-13,15.62,13.66,19.52,145518.89,96.43,29.25,2018-12-12,0
681,002252.SZ,2018-08-13,15.62,13.66,19.52,145518.89,96.43,29.25,2018-12-12,0
682,002252.SZ,2018-08-13,15.62,13.66,19.52,145518.89,96.43,29.25,2018-12-12,0
683,002252.SZ,2018-08-13,15.62,13.66,19.52,145518.89,96.43,29.25,2018-12-12,0
684,002252.SZ,2018-08-10,15.62,13.66,19.52,145518.89,96.43,29.25,2018-12-12,0
685,002252.SZ,2018-08-03,15.62,13.66,19.52,148952.93,93.36,29.94,2018-12-12,0
686,002252.SZ,2018-07-27,15.62,13.66,19.52,145518.89,96.43,29.25,2018-12-12,0
687,002252.SZ,2018-07-26,15.62,13.66,19.52,148952.93,93.36,29.94,2018-12-12,0
688,002252.SZ,2018-07-24,15.62,13.66,19.52,145518.89,96.43,29.25,2018-12-12,0
689,002252.SZ,2018-07-24,15.62,13.66,19.52,145518.89,96.43,29.25,2018-12-12,0
690,002252.SZ,2018-07-23,15.62,13.66,19.52,145518.89,96.43,29.25,2018-12-12,0
691,002252.SZ,2018-07-23,15.62,13.66,19.52,145518.89,96.43,29.25,2018-12-12,0
692,002252.SZ,2018-07-23,15.62,13.66,19.52,145518.89,96.43,29.25,2018-12-12,0
693,002252.SZ,2018-07-20,15.62,13.66,19.52,145518.89,96.43,29.25,2018-12-12,0
694,002252.SZ,2018-07-16,15.62,13.66,19.52,145518.89,96.43,29.25,2018-12-12,0
695,002252.SZ,2018-07-13,15.62,13.66,19.52,148952.93,93.36,29.94,2018-12-12,0
696,002252.SZ,2018-06-29,15.62,13.66,19.52,145518.89,96.43,29.25,2018-12-12,0
697,002252.SZ,2018-06-29,15.62,13.66,19.52,37910.00778467909,82.15942010362694,18.55983436853002,2018-12-12,0
698,002252.SZ,2018-06-20,15.62,13.66,19.52,145518.89,96.43,29.25,2018-12-12,0
699,002252.SZ,2018-06-20,15.62,13.66,19.52,145518.89,96.43,29.25,2018-12-12,0
700,002252.SZ,2018-06-06,15.62,13.66,19.52,145518.89,96.43,29.25,2018-12-12,0
701,002252.SZ,2018-05-30,15.62,13.66,19.52,145518.89,96.43,29.25,2018-12-12,0
702,002252.SZ,2018-05-30,15.62,13.66,19.52,145518.89,96.43,29.25,2018-12-12,0
703,002252.SZ,2018-05-30,15.62,13.66,19.52,145518.89,96.43,29.25,2018-12-12,0
704,002252.SZ,2018-05-30,15.62,13.66,19.52,145518.89,96.43,29.25,2018-12-12,0
705,002252.SZ,2018-05-03,15.62,13.66,19.52,145518.89,96.43,29.25,2018-12-12,0
706,002252.SZ,2018-05-03,15.62,13.66,19.52,145518.89,96.43,29.25,2018-12-12,0
707,002252.SZ,2018-05-02,15.62,13.66,19.52,37910.00778467909,82.15942010362694,18.55983436853002,2018-12-12,0
708,002252.SZ,2018-05-02,15.62,13.66,19.52,145518.89,96.43,29.25,2018-12-12,0
709,002252.SZ,2018-04-27,15.62,13.66,19.52,145518.89,96.43,29.25,2018-12-12,0
710,002252.SZ,2018-04-26,15.62,13.66,19.52,145518.89,96.43,29.25,2018-12-12,0
711,002252.SZ,2018-04-26,15.62,13.66,19.52,145518.89,96.43,29.25,2018-12-12,0
712,002252.SZ,2018-04-20,15.62,13.66,19.52,145518.89,96.43,29.25,2018-12-12,0
713,002252.SZ,2018-04-19,15.62,13.66,19.52,145518.89,96.43,29.25,2018-12-12,0
714,002252.SZ,2018-03-21,15.62,13.66,19.52,145518.89,96.43,29.25,2018-12-12,0
715,002252.SZ,2018-02-14,15.58,13.63,19.47,145518.89,96.43,29.25,2018-12-12,0
716,002252.SZ,2018-02-13,15.54,13.6,19.43,148952.93,93.36,29.94,2018-12-12,0
717,002252.SZ,2018-02-09,15.53,13.59,19.41,37910.00778467909,82.15942010362694,18.55983436853002,2018-12-12,0
718,002252.SZ,2017-12-28,15.83,13.85,19.79,145518.89,96.43,29.25,2018-12-12,0
719,002252.SZ,2017-12-21,15.7,13.74,19.63,145518.89,96.43,29.25,2018-12-12,0
720,002252.SZ,2017-12-07,15.82,13.85,19.78,145518.89,96.43,29.25,2018-12-12,0
721,002252.SZ,2017-11-10,16.22,14.2,20.28,145518.89,96.43,29.25,2018-12-12,0
722,002252.SZ,2017-11-02,16.09,14.08,20.11,148952.93,93.36,29.94,2018-12-12,0
723,002252.SZ,2017-10-30,16.1,14.08,20.12,120061.8,79.56,24.16,2018-12-12,0
724,002252.SZ,2017-10-24,16.3,14.27,20.38,148952.93,93.36,29.94,2018-12-11,0
725,002252.SZ,2017-10-19,16.36,14.31,20.45,120061.8,79.56,24.16,2018-12-11,0
726,002252.SZ,2017-10-19,16.36,14.31,20.45,148952.93,93.36,29.94,2018-12-11,0
727,002252.SZ,2017-10-11,16.38,14.34,20.48,120061.8,79.56,24.16,2018-12-11,0
728,002252.SZ,2017-10-11,16.38,14.34,20.48,148952.93,93.36,29.94,2018-12-11,0
729,002252.SZ,2017-10-10,16.56,14.49,20.7,148952.93,93.36,29.94,2018-12-11,0
730,002252.SZ,2017-09-26,16.34,14.29,20.42,120061.8,79.56,24.16,2018-12-11,0
731,002252.SZ,2017-09-07,16.18,14.15,20.22,120061.8,79.56,24.16,2018-12-12,0
732,002252.SZ,2017-09-04,16.18,14.15,20.22,120061.8,79.56,24.16,2018-12-12,0
733,002252.SZ,2017-09-04,16.18,14.15,20.22,37910.00778467909,82.15942010362694,18.55983436853002,2018-12-12,0
734,002252.SZ,2017-09-01,16.18,14.15,20.22,126762.24,79.45,25.5,2018-12-12,0
735,002252.SZ,2017-08-16,16.18,14.15,20.22,120061.8,79.56,24.16,2018-12-12,0
736,002252.SZ,2017-08-09,16.18,14.15,20.22,130014.78,81.49,26.16,2018-12-12,0
737,002252.SZ,2017-08-03,16.18,14.15,20.22,130014.78,81.49,26.16,2018-12-12,0
738,002252.SZ,2017-08-03,16.18,14.15,20.22,130014.78,81.49,26.16,2018-12-12,0
739,002252.SZ,2017-07-25,16.18,14.15,20.22,130014.78,81.49,26.16,2018-12-12,0
740,002252.SZ,2017-07-13,16.18,14.15,20.22,120061.8,79.56,24.16,2018-12-12,0
741,002252.SZ,2017-07-11,16.18,14.15,20.22,145518.89,96.43,29.25,2018-12-12,0
742,002252.SZ,2017-07-11,16.18,14.15,20.22,146061.88,96.79,29.36,2018-12-12,0
743,002252.SZ,2017-07-10,16.18,14.15,20.22,127130.78,79.68,25.58,2018-12-12,0
744,002252.SZ,2017-07-07,16.18,14.15,20.22,120061.8,79.56,24.16,2018-12-12,0
745,002252.SZ,2017-06-27,16.18,14.15,20.22,37910.00778467909,82.15942010362694,18.55983436853002,2018-12-12,0
746,002252.SZ,2017-06-27,16.18,14.15,20.22,37910.00778467909,82.15942010362694,18.55983436853002,2018-12-12,0
747,002252.SZ,2017-06-22,16.18,14.15,20.22,127130.78,79.68,25.58,2018-12-12,0
748,002252.SZ,2017-06-21,16.18,14.15,20.22,127130.78,79.68,25.58,2018-12-12,0
749,002252.SZ,2017-06-20,16.18,14.15,20.22,127130.78,79.68,25.58,2018-12-12,0
750,002252.SZ,2017-06-20,16.18,14.15,20.22,127130.78,79.68,25.58,2018-12-12,0
751,002252.SZ,2017-06-20,16.18,14.15,20.22,22763.59,99.79,4.58,2018-12-12,0
752,002252.SZ,2017-06-16,16.18,14.15,20.22,22763.59,99.79,4.58,2018-12-12,0
753,002252.SZ,2017-06-13,16.18,14.15,20.22,120061.8,79.56,24.16,2018-12-12,0
754,002252.SZ,2017-06-06,16.18,14.15,20.22,120061.8,79.56,24.16,2018-12-12,0
755,002252.SZ,2017-05-18,16.18,14.15,20.22,120061.8,79.56,24.16,2018-12-12,0
756,002252.SZ,2017-05-03,16.18,14.15,20.22,120061.8,79.56,24.16,2018-12-12,0
757,002252.SZ,2017-05-02,16.18,14.15,20.22,127130.78,79.68,25.58,2018-12-12,0
758,002252.SZ,2017-05-02,16.18,14.15,20.22,120061.8,79.56,24.16,2018-12-12,0
759,002252.SZ,2017-04-26,16.18,14.15,20.22,37910.00778467909,82.15942010362694,18.55983436853002,2018-12-12,0
760,002252.SZ,2017-04-25,16.18,14.15,20.22,120061.8,79.56,24.16,2018-12-12,0
761,002252.SZ,2017-04-19,16.1,14.09,20.13,37910.00778467909,82.15942010362694,18.55983436853002,2018-12-12,0
762,002252.SZ,2017-04-11,16.25,14.22,20.31,120558.92,79.89,24.26,2018-12-12,0
763,002252.SZ,2017-04-05,16.29,14.25,20.36,132097.34,82.79,26.58,2018-12-11,0
764,002252.SZ,2017-03-30,15.98,13.99,19.98,136616.24,90.53,27.49,2018-12-12,0
765,002252.SZ,2017-03-27,15.58,13.64,19.48,132097.34,82.79,26.58,2018-12-12,0
766,002252.SZ,2017-03-23,15.48,13.55,19.35,132097.34,82.79,26.58,2018-12-12,0
767,002252.SZ,2017-03-21,15.54,13.59,19.42,132097.34,82.79,26.58,2018-12-12,0
768,002252.SZ,2017-03-20,15.57,13.62,19.46,132097.34,82.79,26.58,2018-12-12,0
769,002252.SZ,2017-03-17,15.61,13.66,19.51,142485.68,94.76,28.64,2018-12-12,0
770,002252.SZ,2017-03-14,15.7,13.74,19.63,132097.34,82.79,26.58,2018-12-12,0
771,002252.SZ,2017-02-22,16.85,14.75,21.07,114188.83,71.57,22.97,2018-12-11,0
772,002252.SZ,2017-02-09,17.2,15.05,21.5,114188.83,71.57,22.97,2018-12-11,0
773,002252.SZ,2017-01-19,17.74,15.52,22.17,114188.83,71.57,22.97,2018-12-11,0
774,002252.SZ,2016-12-15,16.99,14.87,21.24,115679.11,72.5,23.3,2018-12-11,0
775,002252.SZ,2016-12-14,17.12,14.98,21.4,115679.11,72.5,23.3,2018-12-11,0
776,002252.SZ,2016-12-06,16.83,14.73,21.04,115679.11,72.5,23.3,2018-12-11,0
777,002252.SZ,2016-11-23,17.01,14.88,21.26,114063.41,71.49,22.97,2018-12-11,0
778,002252.SZ,2016-11-22,17.07,14.94,21.34,114063.41,71.49,22.97,2018-12-11,0
779,002252.SZ,2016-11-16,17.01,14.88,21.26,114063.41,71.49,22.97,2018-12-11,0
780,002252.SZ,2016-10-26,17.66,15.45,22.07,37910.00778467909,82.15942010362694,18.55983436853002,2018-12-11,0
781,002252.SZ,2016-10-21,17.66,15.45,22.07,37910.00778467909,82.15942010362694,18.55983436853002,2018-12-11,0
782,002252.SZ,2016-10-21,17.66,15.45,22.07,37910.00778467909,82.15942010362694,18.55983436853002,2018-12-11,0
783,002252.SZ,2016-07-28,16.87,14.76,21.09,70035.62,83.53,25.39,2018-12-11,0
784,002252.SZ,2016-07-26,16.78,14.68,20.98,70035.62,83.53,25.39,2018-12-11,0
785,002252.SZ,2016-07-12,16.8,14.7,21.0,37910.00778467909,82.15942010362694,18.55983436853002,2018-12-11,0
786,002252.SZ,2016-07-07,17.11,14.98,21.39,70035.62,83.53,25.39,2018-12-11,0
787,002252.SZ,2016-05-18,16.54,14.47,20.67,54854.0,61.88,19.88,2018-12-11,0
788,002252.SZ,2016-05-03,16.61,14.54,20.77,120061.8,79.56,24.16,2018-12-11,0
789,002252.SZ,2016-04-19,16.41,14.36,20.51,37910.00778467909,82.15942010362694,18.55983436853002,2018-12-11,0
790,002252.SZ,2016-03-24,16.81,14.71,21.01,64880.53,77.39,23.52,2018-12-11,0
791,002256.SZ,2017-10-10,2.77,2.42,4.32,49400.71,99.92,26.24,2019-08-02,0
792,002256.SZ,2017-10-10,2.77,2.42,4.32,50180.0,99.94,26.66,2019-08-02,0
793,002256.SZ,2017-09-12,2.77,2.42,4.32,50180.0,99.94,26.66,2019-08-02,0
794,002256.SZ,2017-09-12,2.77,2.42,4.32,50180.0,99.94,26.66,2019-08-02,0
795,002256.SZ,2017-08-08,2.77,2.42,4.32,50180.0,99.94,26.66,2019-08-02,0
796,002256.SZ,2017-08-08,2.77,2.42,4.32,50180.0,99.94,26.66,2019-08-02,0
797,002256.SZ,2017-07-25,2.77,2.42,4.32,50180.0,99.94,26.66,2019-08-02,0
798,002256.SZ,2017-05-31,3.04,2.66,4.76,12142.78,100.0,6.44,2018-10-18,0
799,002256.SZ,2017-05-23,3.09,2.71,4.84,49400.71,99.92,26.21,2018-10-18,0
800,002256.SZ,2017-05-17,3.23,2.83,5.05,49500.0,98.59,26.26,2018-10-12,0
801,002256.SZ,2017-05-17,3.23,2.83,5.05,49500.0,98.59,26.26,2018-10-12,0
802,002256.SZ,2017-05-10,3.24,2.83,5.06,48800.0,97.19,25.89,2018-10-12,0
803,002256.SZ,2017-01-13,3.85,3.37,6.02,48700.0,99.29,25.84,2018-07-05,0
804,002256.SZ,2016-10-25,4.92,4.31,7.69,49000.71,100.0,26.0,2017-12-07,0
805,002256.SZ,2016-10-21,4.91,4.3,7.67,47404.96,96.65,25.15,2017-12-07,0
806,002256.SZ,2016-10-17,4.66,4.07,7.27,47404.96,96.65,25.15,2018-07-02,0
807,002256.SZ,2016-09-08,4.59,4.02,7.17,11851.24,96.65,25.15,2018-07-03,0
808,002256.SZ,2016-08-04,4.37,3.82,6.83,50180.0,99.94,26.66,2018-07-03,0
810,002269.SZ,2016-10-12,2.71,2.37,4.23,91799.5,72.14,36.54,2018-10-12,0
811,002269.SZ,2016-08-16,2.8,2.45,4.37,42151.2,33.13,16.69,2018-10-12,0
812,002276.SZ,2017-08-01,6.98,6.11,10.91,12000.0,32.08,11.59,2018-06-19,0
813,002276.SZ,2016-09-27,10.75,9.4,16.79,7000.0,18.71,7.45,2017-06-01,0
814,002279.SZ,2017-08-23,7.8,6.83,12.19,6257.0,79.95,8.8,2019-01-30,0
815,002279.SZ,2017-05-18,8.23,7.2,12.86,7452.0,95.21,10.48,2018-10-12,0
816,002280.SZ,2018-03-14,4.85,4.24,7.58,47698.35,96.63,21.91,2018-10-11,0
817,002280.SZ,2017-12-28,4.89,4.28,7.64,47113.22,95.45,21.64,2018-10-11,0
818,002280.SZ,2017-12-27,4.92,4.3,7.68,48166.24,98.69,22.12,2018-10-11,0
819,002280.SZ,2017-07-17,5.24,4.59,8.19,47698.35,96.63,21.91,2018-10-11,0
820,002280.SZ,2017-07-14,5.82,5.1,9.1,47113.22,95.45,21.64,2018-06-21,0
821,002280.SZ,2017-04-06,8.29,7.26,12.96,47698.35,96.63,21.91,2018-01-31,0
822,002280.SZ,2017-04-06,8.29,7.26,12.96,47698.35,96.63,21.91,2018-01-31,0
823,002280.SZ,2017-03-14,7.3,6.39,11.4,47698.35,96.63,21.91,2018-02-06,0
824,002280.SZ,2017-03-14,7.3,6.39,11.4,47698.35,96.63,21.91,2018-02-06,0
825,002280.SZ,2016-09-21,12.56,10.99,19.63,47698.35,96.63,21.91,2017-06-30,0
826,002280.SZ,2016-09-09,12.56,10.99,19.63,46678.35,94.57,21.44,2017-06-30,0
827,002280.SZ,2016-09-05,12.56,10.99,19.63,46678.35,94.57,21.44,2017-06-30,0
828,002280.SZ,2016-06-23,12.56,10.99,19.63,7051.25,64.74,3.24,2017-06-30,0
829,002280.SZ,2016-05-11,12.56,10.99,19.63,47698.35,96.63,21.91,2017-06-30,0
830,002280.SZ,2016-03-30,16.13,14.12,25.21,4471.25,39.53,2.05,2016-12-14,0
831,002280.SZ,2016-03-30,16.13,14.12,25.21,4471.25,39.53,2.05,2016-12-14,0
832,002280.SZ,2016-03-30,16.13,14.12,25.21,4471.25,39.53,2.05,2016-12-14,0
833,002280.SZ,2016-02-03,10.22,8.94,15.97,1392.5,30.78,1.6,2017-07-17,0
834,002280.SZ,2016-01-26,9.2,8.05,14.38,2282.0,50.44,3.25,2017-12-15,0
835,002280.SZ,2016-01-22,10.07,8.81,15.74,2282.0,50.44,3.25,2017-07-17,0
836,002285.SZ,2018-01-17,7.58,6.63,11.84,29800.0,37.02,14.58,2018-06-19,0
837,002285.SZ,2017-07-24,5.88,5.15,9.19,48380.0,60.1,23.66,2018-10-12,0
838,002288.SZ,2016-08-15,6.36,5.57,9.94,6799.92,79.15,7.3,2018-02-02,0
839,002288.SZ,2016-01-14,5.65,4.94,8.83,16897.0,98.97,18.14,2018-02-06,0
840,002291.SZ,2017-10-27,5.99,5.24,9.36,7400.0,79.8,18.55,2018-06-13,0
841,002291.SZ,2017-10-19,5.98,5.24,9.35,10617.03,91.03,26.61,2018-06-13,0
842,002291.SZ,2017-08-28,6.31,5.52,9.86,7400.0,79.8,18.55,2018-05-30,0
843,002292.SZ,2018-06-14,6.93,6.06,10.83,46049.0,79.43,33.93,2018-10-11,0
844,002292.SZ,2018-02-22,7.23,6.32,11.29,12895.97,89.14,9.5,2018-09-10,0
845,002292.SZ,2018-02-06,6.92,6.06,10.82,46049.0,79.43,33.93,2018-10-11,0
846,002292.SZ,2018-02-06,6.92,6.06,10.82,50373.0,86.89,37.12,2018-10-11,0
847,002292.SZ,2018-02-06,6.92,6.06,10.82,55193.23,95.21,40.67,2018-10-11,0
848,002292.SZ,2018-02-05,7.35,6.43,11.49,46049.0,79.43,33.93,2018-09-10,0
849,002292.SZ,2018-02-05,7.35,6.43,11.49,50373.0,86.89,37.12,2018-09-10,0
850,002292.SZ,2018-02-02,7.37,6.45,11.51,13881.97,95.95,10.23,2018-09-10,0
851,002292.SZ,2018-02-02,7.37,6.45,11.51,13881.97,95.95,10.23,2018-09-10,0
852,002292.SZ,2017-10-25,9.74,8.52,15.22,55193.23,95.21,40.67,2018-06-25,0
853,002292.SZ,2017-10-17,9.65,8.44,15.08,50373.0,86.89,37.12,2018-06-25,0
854,002292.SZ,2017-10-10,10.05,8.8,15.71,13881.97,95.95,10.23,2018-06-21,0
855,002292.SZ,2017-09-25,9.47,8.28,14.79,46049.0,79.43,33.93,2018-07-05,0
856,002292.SZ,2017-09-14,9.52,8.33,14.87,46049.0,79.43,33.93,2018-07-05,0
857,002292.SZ,2017-08-21,9.89,8.66,15.46,13881.97,95.95,10.23,2018-06-21,0
858,002294.SZ,2018-08-13,25.59,22.39,31.99,20605.0,29.97,19.7,2018-12-14,0
859,002294.SZ,2018-08-13,25.59,22.39,31.99,20605.0,29.97,19.7,2018-12-14,0
860,002294.SZ,2018-08-03,25.38,22.21,31.73,24455.0,35.57,23.38,2018-12-14,0
861,002294.SZ,2018-06-13,32.25,28.22,40.32,20855.0,30.33,19.94,2018-09-10,0
862,002294.SZ,2018-06-01,32.33,28.29,40.41,19755.0,28.73,18.89,2018-09-06,0
863,002303.SZ,2016-06-14,6.35,5.55,9.91,37345.69,56.2,24.39,2018-05-30,0
864,002308.SZ,2018-07-16,5.05,4.42,7.89,20757.0,68.67,22.8,2019-01-29,0
865,002308.SZ,2018-07-12,4.97,4.35,7.77,20757.0,68.67,22.8,2019-01-29,0
866,002308.SZ,2017-01-20,8.63,7.55,13.48,17505.0,52.84,20.66,2018-07-05,0
867,002308.SZ,2016-12-08,9.91,8.67,15.49,14505.0,43.79,17.12,2018-06-19,0
868,002310.SZ,2018-08-28,10.15,8.88,12.69,80140.25,71.95,29.87,2018-10-12,0
869,002310.SZ,2018-08-28,10.15,8.88,12.69,80140.25,71.95,29.87,2018-10-12,0
870,002310.SZ,2018-08-28,10.15,8.88,12.69,3722.01,18.13,1.39,2018-10-12,0
871,002310.SZ,2018-08-27,10.59,9.27,13.24,3722.01,18.13,1.39,2018-10-11,0
872,002310.SZ,2018-08-27,10.59,9.27,13.24,80140.25,71.95,29.87,2018-10-11,0
873,002310.SZ,2018-08-27,10.59,9.27,13.24,80140.25,71.95,29.87,2018-10-11,0
874,002310.SZ,2018-08-27,10.59,9.27,13.24,80140.25,71.95,29.87,2018-10-11,0
875,002310.SZ,2018-08-27,10.59,9.27,13.24,80140.25,71.95,29.87,2018-10-11,0
876,002310.SZ,2018-08-01,11.77,10.3,14.72,79499.94,71.38,29.63,2018-09-17,0
877,002310.SZ,2018-07-06,11.77,10.3,14.72,78595.94,70.57,29.3,2018-09-17,0
878,002310.SZ,2018-07-05,11.77,10.3,14.72,78595.94,70.57,29.3,2018-09-17,0
879,002310.SZ,2018-06-20,11.77,10.3,14.72,77085.94,69.21,28.73,2018-09-17,0
880,002310.SZ,2018-05-25,11.77,10.3,14.72,76635.94,68.81,28.57,2018-09-17,0
881,002310.SZ,2018-05-25,11.77,10.3,14.72,76635.94,68.81,28.57,2018-09-17,0
882,002310.SZ,2018-05-25,11.77,10.3,14.72,76635.94,68.81,28.57,2018-09-17,0
883,002310.SZ,2018-05-25,11.77,10.3,14.72,76635.94,68.81,28.57,2018-09-17,0
884,002310.SZ,2018-05-15,15.23,13.32,19.03,73529.94,66.02,27.41,2018-08-28,0
885,002310.SZ,2018-05-08,15.26,13.35,19.07,78439.94,70.43,29.24,2018-08-28,0
886,002310.SZ,2018-04-24,14.91,13.05,18.64,75509.94,67.8,28.15,2018-08-28,0
887,002310.SZ,2018-04-16,14.43,12.63,18.04,77370.94,69.47,28.84,2018-08-30,0
888,002310.SZ,2018-03-27,15.36,13.44,19.2,76942.94,69.08,28.68,2018-08-28,0
889,002310.SZ,2018-03-20,15.14,13.25,18.93,78173.94,70.19,29.14,2018-08-28,0
890,002310.SZ,2018-03-06,15.24,13.34,19.05,75832.04,68.08,28.27,2018-08-28,0
891,002310.SZ,2018-02-14,13.48,11.8,16.85,76752.04,68.91,28.61,2018-08-31,0
892,002310.SZ,2018-02-08,14.2,12.43,17.75,76346.04,68.55,28.46,2018-08-30,0
893,002310.SZ,2017-12-14,16.06,14.05,20.07,77407.66,69.5,28.87,2018-08-27,0
894,002310.SZ,2017-12-07,16.22,14.19,20.28,75457.66,67.75,28.14,2018-08-27,0
895,002310.SZ,2017-11-22,16.03,14.02,20.03,74317.66,66.73,27.72,2018-08-27,0
896,002310.SZ,2017-11-08,16.35,14.3,20.44,76917.66,69.06,28.69,2018-08-27,0
897,002310.SZ,2017-11-02,16.56,14.49,20.7,77077.66,69.2,28.75,2018-08-27,0
898,002310.SZ,2017-10-24,17.52,15.33,21.9,76346.66,68.55,28.48,2018-05-24,0
899,002310.SZ,2017-10-17,16.72,14.63,20.9,77625.66,69.7,28.95,2018-08-27,0
900,002310.SZ,2017-09-14,15.74,13.78,19.68,80018.66,71.84,29.84,2018-08-27,0
901,002310.SZ,2017-09-05,15.31,13.39,19.13,77208.66,69.32,28.8,2018-08-28,0
902,002310.SZ,2017-08-24,14.65,12.82,18.31,78337.66,70.33,29.22,2018-08-30,0
903,002310.SZ,2017-07-20,13.5,11.82,16.88,78282.66,70.28,29.2,2018-08-31,0
904,002310.SZ,2017-07-20,13.5,11.82,16.88,78282.66,70.28,29.2,2018-08-31,0
905,002310.SZ,2017-07-14,14.43,12.62,18.03,75382.66,67.68,28.12,2018-08-30,0
906,002310.SZ,2017-07-06,13.64,11.94,17.06,76372.66,68.57,28.48,2018-08-31,0
907,002310.SZ,2017-04-20,14.46,12.65,18.07,67306.76,60.43,25.14,2018-08-30,0
908,002310.SZ,2017-03-27,12.97,11.35,16.22,74716.26,67.08,27.91,2018-09-10,0
909,002310.SZ,2016-12-08,11.36,9.94,14.2,17300.9,99.99,6.46,2018-10-08,0
910,002310.SZ,2016-11-11,11.6,10.15,14.51,15148.82,87.55,5.66,2018-09-17,0
911,002310.SZ,2016-11-02,11.58,10.13,14.48,9445.0,62.34,3.75,2018-09-17,0
912,002310.SZ,2016-10-25,12.77,11.17,15.96,15147.5,99.97,6.01,2018-09-11,0
913,002310.SZ,2016-06-16,6.79,5.94,8.49,39216.65,88.03,38.88,2019-05-06,0
914,002310.SZ,2016-04-26,7.05,6.17,8.81,34130.65,76.61,33.84,2019-01-28,0
915,002310.SZ,2016-03-30,6.64,5.81,8.29,38965.65,81.83,38.63,2019-05-17,0
916,002312.SZ,2017-11-03,4.04,3.54,6.32,28171.18,80.03,20.05,2018-06-19,0
917,002312.SZ,2017-11-03,4.04,3.54,6.32,33600.04,95.46,24.38,2018-06-19,0
918,002312.SZ,2017-10-30,4.15,3.63,6.49,32600.04,92.62,23.66,2018-06-19,0
919,002316.SZ,2016-11-28,8.73,7.63,13.63,7226.0,92.64,18.38,2018-09-27,0
920,002319.SZ,2016-12-14,13.5,11.82,21.1,2600.0,100.0,13.0,2019-02-01,0
921,002326.SZ,2017-09-25,9.52,8.33,14.87,16666.55,87.88,20.32,2018-06-08,0
922,002326.SZ,2016-12-15,10.28,8.99,16.06,14275.8,75.0,17.88,2018-02-06,0
923,002326.SZ,2016-12-15,10.28,8.99,16.06,11130.0,75.0,13.94,2018-02-06,0
924,002329.SZ,2017-07-18,5.46,4.77,8.52,2063.08,91.12,2.46,2018-06-15,0
925,002329.SZ,2017-03-09,8.91,7.79,13.92,3217.72,32.35,3.84,2017-11-20,0
926,002329.SZ,2017-02-09,8.44,7.38,13.18,2063.08,91.12,2.46,2017-11-23,0
927,002329.SZ,2016-11-16,10.34,9.04,16.15,2063.08,91.12,2.46,2017-07-17,0
928,002334.SZ,2017-11-13,6.13,5.36,9.57,9435.49,70.71,12.48,2018-08-24,0
929,002339.SZ,2016-10-24,9.58,8.38,14.97,876.0,55.93,2.23,2018-01-31,0
930,002339.SZ,2016-09-20,8.34,7.3,13.04,550.0,35.16,1.45,2018-02-06,0
931,002339.SZ,2016-09-19,8.4,7.35,13.12,402.0,30.38,1.06,2018-02-06,0
932,002341.SZ,2019-04-29,5.89,5.16,9.21,25398.99,98.63,22.04,2019-07-18,0
933,002341.SZ,2019-04-29,5.89,5.16,9.21,25398.99,98.63,22.04,2019-07-18,0
934,002341.SZ,2019-03-19,7.41,6.49,11.58,20683.01,80.32,17.95,2019-06-26,0
935,002341.SZ,2019-01-02,6.8,5.95,10.63,20683.01,80.32,17.95,2019-06-27,0
936,002341.SZ,2018-12-17,8.15,7.13,12.73,20683.01,80.32,17.96,2019-06-03,0
937,002341.SZ,2018-12-17,8.15,7.13,12.73,20683.01,80.32,17.96,2019-06-03,0
938,002341.SZ,2018-11-30,8.3,7.27,12.98,20683.01,80.32,17.96,2019-06-03,0
939,002341.SZ,2017-03-14,5.88,5.14,9.18,12086.51,88.84,24.02,2019-07-19,0
940,002341.SZ,2017-03-14,5.88,5.14,9.18,12086.51,88.84,24.02,2019-07-19,0
941,002341.SZ,2016-12-07,6.62,5.79,10.34,10496.5,80.65,20.86,2019-06-27,0
942,002342.SZ,2018-02-27,3.71,3.25,5.8,2500.0,13.0,2.6,2018-10-11,0
943,002343.SZ,2017-12-04,15.71,13.75,24.55,4529.0,72.99,14.4,2018-08-02,0
944,002345.SZ,2018-07-09,5.22,4.56,8.15,7715.0,62.72,8.52,2018-12-27,0
945,002345.SZ,2018-07-02,5.27,4.61,8.23,6900.0,88.72,7.62,2018-12-26,0
946,002345.SZ,2018-06-11,5.72,5.0,8.93,1992.0,75.97,2.2,2018-10-16,0
947,002345.SZ,2018-03-14,6.8,5.95,10.63,12550.0,49.48,13.86,2018-09-03,0
948,002345.SZ,2018-03-06,6.8,5.95,10.63,12550.0,49.48,13.86,2018-09-03,0
949,002345.SZ,2018-03-06,6.8,5.95,10.63,12550.0,49.48,13.86,2018-09-03,0
950,002345.SZ,2017-12-06,6.78,5.93,10.59,12550.0,49.48,13.86,2018-09-03,0
951,002345.SZ,2017-12-01,7.05,6.16,11.01,6200.0,79.72,6.85,2018-08-23,0
952,002345.SZ,2017-11-08,7.13,6.24,11.15,10355.0,84.19,11.44,2018-08-17,0
953,002345.SZ,2017-06-05,6.37,5.58,9.96,7700.0,99.0,9.11,2018-10-10,0
954,002345.SZ,2017-03-03,7.0,6.12,10.94,12300.0,100.0,14.55,2018-08-31,0
955,002348.SZ,2017-09-07,4.47,3.91,6.99,12960.0,69.26,13.68,2018-05-30,0
956,002348.SZ,2017-09-07,4.47,3.91,6.99,12960.0,69.26,13.68,2018-05-30,0
957,002350.SZ,2017-09-26,7.96,6.96,12.44,10337.91,77.33,20.68,2018-06-15,0
958,002352.SZ,2017-10-23,46.79,40.94,58.49,50000.0,18.51,11.95,2018-08-20,0
959,002352.SZ,2017-03-21,46.61,40.79,58.26,32604.99,83.12,7.39,2018-08-20,0
960,002354.SZ,2018-11-08,3.65,3.2,5.71,5247.93,64.05,5.6,2019-07-10,0
961,002354.SZ,2018-05-16,8.43,7.38,13.17,12922.03,98.94,13.86,2018-08-22,0
962,002354.SZ,2018-05-16,8.43,7.38,13.17,12922.03,98.94,13.86,2018-08-22,0
963,002354.SZ,2018-05-16,8.43,7.38,13.17,12922.03,98.94,13.86,2018-08-22,0
964,002354.SZ,2018-05-02,8.33,7.29,13.01,12922.03,98.94,13.86,2018-08-22,0
965,002354.SZ,2018-05-02,8.33,7.29,13.01,12922.03,98.94,13.86,2018-08-22,0
966,002354.SZ,2018-05-02,8.33,7.29,13.01,12922.03,98.94,13.86,2018-08-22,0
967,002354.SZ,2018-02-07,9.75,8.53,15.24,12922.03,98.94,13.86,2018-07-11,0
968,002354.SZ,2018-02-07,9.75,8.53,15.24,12922.03,98.94,13.86,2018-07-11,0
969,002354.SZ,2018-02-07,9.75,8.53,15.24,12922.03,98.94,13.86,2018-07-11,0
970,002354.SZ,2017-08-29,13.4,11.73,20.94,3910.09,82.8,4.35,2018-05-28,0
971,002354.SZ,2017-06-02,12.22,10.69,19.09,12922.03,98.94,13.86,2018-05-29,0
972,002354.SZ,2016-12-26,16.3,14.26,25.46,4555.02,97.65,15.59,2018-05-02,0
973,002354.SZ,2016-12-14,17.24,15.08,26.94,12922.03,98.94,13.86,2018-02-06,0
974,002354.SZ,2016-06-20,17.86,15.63,27.91,4614.02,98.92,15.8,2018-02-06,0
975,002354.SZ,2016-04-14,17.86,15.63,27.91,3367.32,39.4,3.59,2018-02-06,0
976,002357.SZ,2016-02-02,7.3,6.39,11.41,12494.0,100.0,39.85,2018-08-17,0
977,002358.SZ,2018-12-04,10.78,9.43,16.84,16364.98,82.53,17.6,2019-07-08,0
978,002358.SZ,2018-09-27,9.67,8.46,15.11,16282.73,82.11,17.51,2019-08-02,0
979,002358.SZ,2018-06-05,10.47,9.16,16.36,8459.0,92.02,9.1,2019-07-09,0
980,002358.SZ,2018-05-23,11.06,9.67,17.28,8459.0,92.02,9.1,2019-07-08,0
981,002358.SZ,2017-11-15,9.71,8.5,15.17,16364.98,82.53,17.6,2019-08-02,0
982,002358.SZ,2017-11-06,9.69,8.48,15.14,16364.98,82.53,17.6,2019-08-02,0
983,002358.SZ,2017-11-06,9.69,8.48,15.14,13759.0,81.78,14.8,2019-08-02,0
984,002358.SZ,2017-03-29,13.12,11.48,20.5,13759.0,81.78,14.8,2019-05-06,0
985,002358.SZ,2016-12-15,12.33,10.79,19.26,13759.0,81.78,14.8,2019-05-23,0
986,002358.SZ,2016-12-07,14.37,12.58,22.46,13759.0,81.78,14.8,2019-05-06,0
987,002358.SZ,2016-12-05,14.31,12.52,22.36,16364.98,82.53,17.6,2019-05-06,0
988,002358.SZ,2016-09-08,11.27,9.86,17.61,17250.98,82.82,18.55,2019-06-10,0
989,002358.SZ,2016-05-26,10.43,9.13,16.3,8510.0,92.57,10.7,2019-07-10,0
990,002366.SZ,2018-05-09,15.89,13.9,24.82,34214.0,93.54,39.46,2018-07-02,0
991,002366.SZ,2017-04-24,15.48,13.54,24.19,17989.48,98.37,41.5,2018-07-06,0
992,002366.SZ,2017-04-21,15.45,13.52,24.14,17195.0,94.02,39.66,2018-07-06,0
993,002366.SZ,2017-03-15,14.67,12.83,22.91,17715.0,96.87,40.86,2018-07-11,0
994,002366.SZ,2017-03-14,14.91,13.05,23.3,17573.0,96.09,40.53,2018-07-11,0
995,002366.SZ,2016-12-05,17.26,15.1,26.97,18057.0,98.74,41.65,2018-06-19,0
996,002366.SZ,2016-12-05,17.26,15.1,26.97,18057.0,98.74,41.65,2018-06-19,0
997,002366.SZ,2016-06-17,17.37,15.2,27.14,13510.0,73.87,31.16,2018-06-15,0
998,002366.SZ,2016-06-17,17.37,15.2,27.14,13510.0,73.87,31.16,2018-06-15,0
999,002370.SZ,2018-05-23,11.9,10.41,18.6,1400.0,66.34,2.61,2019-01-25,0
1000,002370.SZ,2018-05-04,12.29,10.75,19.2,2500.0,92.11,4.66,2019-01-24,0
1001,002370.SZ,2018-05-03,12.13,10.61,18.95,2500.0,92.11,4.66,2019-01-24,0
