,ts_code,trade_date,open,high,low,close,pre_close,change,pct_chg,vol,amount
0,600519.SH,20190816,1049.84,1075.58,1041.0,1054.6,1044.9,9.699999999999818,0.9283,36086.73,3822488.363
1,600519.SH,20190815,1028.0,1046.48,1028.0,1044.9,1043.33,1.5700000000001637,0.1505,27237.39,2821331.12
2,600519.SH,20190814,1030.02,1051.9,1030.02,1043.33,1017.95,25.37999999999988,2.4932,41410.95,4327071.299
3,600519.SH,20190813,1016.16,1026.0,1010.68,1017.95,1018.63,-0.67999999999995,-0.0668,30329.7,3088013.76
4,600519.SH,20190812,1010.31,1020.1,995.01,1018.63,962.03,56.60000000000002,5.8834,81498.95,8208540.716
5,600519.SH,20190809,978.5,980.95,958.99,962.03,971.68,-9.649999999999977,-0.9931,28461.7,2760764.357
6,600519.SH,20190808,953.5,974.0,952.0,971.68,945.0,26.67999999999995,2.8233,38808.13,3755086.99
7,600519.SH,20190807,949.5,955.53,945.0,945.0,946.3,-1.2999999999999545,-0.1374,26869.98,2553463.419
8,600519.SH,20190806,931.0,948.0,923.8,946.3,942.43,3.8700000000000045,0.4106,43991.16,4121445.01
9,600519.SH,20190805,945.0,954.0,940.0,942.43,954.45,-12.020000000000095,-1.2594,36774.31,3473341.317
10,600519.SH,20190802,944.0,957.98,943.0,954.45,959.3,-4.849999999999909,-0.5056,39719.4,3772328.947
11,600519.SH,20190801,976.51,977.0,953.02,959.3,972.6,-13.300000000000068,-1.3675,35089.52,3385045.858
12,600519.SH,20190731,975.0,981.77,966.59,972.6,978.93,-6.329999999999927,-0.6466,22526.2,2191909.987
13,600519.SH,20190730,976.5,983.0,971.0,978.93,976.41,2.519999999999982,0.2581,19537.97,1911965.179
14,600519.SH,20190729,962.03,979.5,960.01,976.41,965.03,11.379999999999995,1.1792,26981.33,2626793.557
15,600519.SH,20190726,961.97,971.0,958.55,965.03,963.0,2.0299999999999727,0.2108,26467.59,2556208.822
16,600519.SH,20190725,945.97,963.36,938.15,963.0,946.36,16.639999999999986,1.7583,38255.7,3633246.146
17,600519.SH,20190724,958.31,959.9,944.69,946.36,953.98,-7.6200000000000045,-0.7988,46771.2,4450509.786
18,600519.SH,20190723,962.3,962.59,943.86,953.98,957.02,-3.0399999999999636,-0.3177,32483.95,3087319.264
19,600519.SH,20190722,960.0,964.0,950.25,957.02,955.87,1.1499999999999773,0.1203,28125.49,2695084.029
20,600519.SH,20190719,955.0,960.8,948.0,955.87,947.5,8.370000000000005,0.8834,28014.81,2679887.449
21,600519.SH,20190718,961.5,963.0,947.18,947.5,963.5,-16.0,-1.6606,39252.95,3748507.464
22,600519.SH,20190717,968.0,972.99,962.13,963.5,968.0,-4.5,-0.4649,25468.87,2459954.487
23,600519.SH,20190716,975.45,982.3,965.0,968.0,975.93,-7.92999999999995,-0.8126,33245.24,3226755.644
24,600519.SH,20190715,967.8,980.1,951.13,975.93,986.09,-10.160000000000082,-1.0303,59870.4,5785726.59
25,600519.SH,20190712,981.3,991.5,980.01,986.09,981.5,4.590000000000032,0.4677,28173.85,2778937.975
26,600519.SH,20190711,989.96,998.38,976.0,981.5,982.52,-1.0199999999999818,-0.1038,30514.19,3011117.079
27,600519.SH,20190710,980.93,990.58,977.0,982.52,976.06,6.460000000000036,0.6618,28166.7,2774054.724
28,600519.SH,20190709,979.3,989.0,968.35,976.06,984.86,-8.800000000000068,-0.8935,31723.32,3103986.405
29,600519.SH,20190708,995.05,997.9,975.0,984.86,999.82,-14.960000000000036,-1.4963,33613.52,3313713.091
30,600519.SH,20190705,986.0,1006.0,976.3,999.82,981.2,18.620000000000005,1.8977,50032.71,4968920.475
31,600519.SH,20190704,985.8,990.8,971.22,981.2,987.9,-6.699999999999932,-0.6782,46216.68,4531686.001
32,600519.SH,20190703,1020.0,1023.0,981.5,987.9,1025.0,-37.10000000000002,-3.6195,67139.32,6717755.678
33,600519.SH,20190702,1025.0,1029.5,1016.0,1025.0,1031.86,-6.8599999999999,-0.6648,39061.09,3989722.046
34,600519.SH,20190701,1004.52,1035.6,1000.22,1031.86,984.0,47.8599999999999,4.8638,52337.23,5325575.854
35,600519.SH,20190628,985.99,988.88,971.33,984.0,981.81,2.1900000000000546,0.2231,31088.4,3050739.277
36,600519.SH,20190627,970.5998,986.3659,966.7765,981.7839,965.535,16.24890000000005,1.6829,47978.45,4772724.089
37,600519.SH,20190626,970.5998,970.5998,957.0213,965.535,968.6093,-3.074299999999994,-0.3174,29588.18,2896585.581
38,600519.SH,20190625,977.4975,984.3951,952.863,968.6093,972.6691,-4.059799999999996,-0.4174,51295.95,5035624.42
39,600519.SH,20190624,963.9978,985.075,960.746,972.6691,962.027,10.642099999999914,1.1062,45779.2,4532526.991
40,600519.SH,20190621,955.7895,970.0973,950.3995,962.027,960.746,1.2810000000000628,0.1333,45926.75,4482726.902
41,600519.SH,20190620,918.8673,961.2387,918.5717,960.746,918.3845,42.36149999999998,4.6126,67271.97,6468666.073
42,600519.SH,20190619,926.2577,932.8597,918.3845,918.3845,903.5939,14.79060000000004,1.6369,53726.4,5051192.622
43,600519.SH,20190618,903.5939,906.5501,889.4045,903.5939,898.2729,5.320999999999913,0.5924,29441.38,2687679.912
44,600519.SH,20190617,893.7401,913.3886,892.7745,898.2729,899.6524,-1.3794999999998936,-0.1533,32769.03,3001512.189
45,600519.SH,20190614,897.6817,918.6703,896.716,899.6524,896.6963,2.956099999999992,0.3297,42455.04,3905679.105
46,600519.SH,20190613,896.6963,898.9626,883.8863,896.6963,893.4445,3.251800000000003,0.364,32917.42,2984741.685
47,600519.SH,20190612,892.9715,897.6718,880.9302,893.4445,897.5733,-4.128800000000069,-0.46,37747.4,3420899.273
48,600519.SH,20190611,863.1933,902.2243,862.208,897.5733,858.3453,39.228000000000065,4.5702,80106.44,7209086.88
49,600519.SH,20190610,845.4368,866.1002,827.7196,858.3453,849.5261,8.81919999999991,1.0381,55502.46,4790052.574
50,600519.SH,20190606,862.8189,862.9667,845.4565,849.5261,858.8577,-9.33159999999998,-1.0865,34786.85,3009567.792
51,600519.SH,20190605,871.0764,873.3033,857.281,858.8577,862.5036,-3.6458999999999833,-0.4227,34067.36,2988114.67
52,600519.SH,20190604,881.9156,882.3393,858.2664,862.5036,878.9594,-16.455799999999954,-1.8722,39689.48,3481384.251
53,600519.SH,20190603,878.9594,888.1727,873.323,878.9594,876.9887,1.9706999999999653,0.2247,34479.24,3076922.33
54,600519.SH,20190531,887.3647,893.7303,876.9887,876.9887,892.065,-15.07630000000006,-1.69,35793.8,3211384.923
55,600519.SH,20190530,896.6963,906.5402,878.1908,892.065,898.5783,-6.513299999999958,-0.7248,40247.2,3634187.681
56,600519.SH,20190529,875.0278,911.4277,875.0278,898.5783,875.0179,23.56039999999996,2.6926,65646.96,5963755.397
57,600519.SH,20190528,865.1542,894.223,862.2277,875.0179,866.1495,8.868400000000065,1.0239,74772.77,6670856.081
58,600519.SH,20190527,866.248,870.0811,847.4765,866.1495,865.6568,0.49270000000001346,0.0569,39161.91,3417213.669
59,600519.SH,20190524,852.3541,872.0618,851.8023,865.6568,848.4126,17.244199999999978,2.0325,44034.09,3858962.204
60,600519.SH,20190523,868.1202,871.0567,843.7025,848.4126,875.0179,-26.605300000000057,-3.0405,58058.63,5062812.286
61,600519.SH,20190522,881.8959,890.784,867.1349,875.0179,881.9156,-6.897699999999986,-0.7821,32041.58,2853872.828
62,600519.SH,20190521,872.0618,896.6963,859.2715,881.9156,872.0223,9.893300000000067,1.1345,42385.65,3791406.204
63,600519.SH,20190520,886.8425,886.8425,858.2664,872.0223,893.5332,-21.510899999999992,-2.4074,44407.99,3931645.928
64,600519.SH,20190517,913.4674,918.6703,886.941,893.5332,916.3152,-22.78200000000004,-2.4863,49841.61,4551116.799
65,600519.SH,20190516,905.5647,918.3746,891.7694,916.3152,913.4477,2.86749999999995,0.3139,44540.12,4108281.95
66,600519.SH,20190515,877.2252,919.36,877.2252,913.4477,873.6088,39.83890000000008,4.5603,63124.25,5778791.845
67,600519.SH,20190514,872.0618,892.7547,860.2372,873.6088,878.9594,-5.350599999999986,-0.6087,59983.12,5349455.647
68,600519.SH,20190513,885.7191,897.6619,871.0764,878.9594,893.8584,-14.899000000000001,-1.6668,46637.18,4179329.433
69,600519.SH,20190510,862.8583,897.4649,855.4975,893.8584,846.2546,47.60379999999998,5.6252,79907.38,7121198.718
70,600519.SH,20190509,862.208,867.0068,830.1831,846.2546,871.4705,-25.215900000000033,-2.8935,91545.15,7863312.116
71,600519.SH,20190508,847.4272,888.6161,847.4272,871.4705,876.9887,-5.518199999999979,-0.6292,81882.98,7217709.507
72,600519.SH,20190507,880.2207,900.5787,857.4978,876.9887,892.7547,-15.765999999999963,-1.766,100837.26,9045117.765
73,600519.SH,20190506,911.9697,921.3308,879.9448,892.7547,959.7606,-67.0059,-6.9815,135099.68,12299395.806
74,600519.SH,20190430,953.8483,970.5604,949.0298,959.7606,957.7603,2.0002999999999247,0.2089,35943.18,3503937.512
75,600519.SH,20190429,931.1846,974.5413,921.3308,957.7603,931.1846,26.575699999999983,2.854,52572.3,5086408.528
76,600519.SH,20190426,932.4656,945.8471,931.1846,931.1846,938.4468,-7.262200000000007,-0.7739,43277.68,4119727.292
77,600519.SH,20190425,954.6268,959.7508,937.3137,938.4468,955.8191,-17.372299999999996,-1.8175,39801.34,3822767.525
78,600519.SH,20190424,965.5547,975.5267,937.3137,955.8191,960.6967,-4.877599999999916,-0.5077,45227.0,4383873.128
79,600519.SH,20190423,937.0969,966.8751,935.3232,960.6967,935.3232,25.373499999999922,2.7128,48852.05,4725480.295
80,600519.SH,20190422,945.4726,964.5791,926.8588,935.3232,938.6341,-3.310899999999947,-0.3527,40627.96,3897168.684
81,600519.SH,20190419,930.1598,946.9014,917.6947,938.6341,931.6773,6.956800000000044,0.7467,32379.78,3064971.032
82,600519.SH,20190418,931.5886,940.7231,922.5329,931.6773,938.0823,-6.405000000000086,-0.6828,19598.52,1853076.08
83,600519.SH,20190417,924.2869,941.5409,911.477,938.0823,926.1591,11.923200000000065,1.2874,40761.02,3848216.557
84,600519.SH,20190416,891.6708,926.1591,888.0446,926.1591,893.7401,32.41899999999998,3.6273,46423.44,4297385.218
85,600519.SH,20190415,917.3893,925.2723,893.7401,893.7401,900.6378,-6.897699999999986,-0.7659,45522.64,4205548.308
86,600519.SH,20190412,895.7109,906.5402,886.8523,900.6378,911.6741,-11.036299999999983,-1.2106,48612.17,4419349.981
87,600519.SH,20190411,934.1407,936.1115,892.3113,911.6741,934.1309,-22.456800000000044,-2.404,61102.54,5643817.564
88,600519.SH,20190410,889.7986,937.9837,886.8425,934.1309,891.7694,42.36149999999998,4.7503,67814.38,6331858.748
89,600519.SH,20190409,889.7986,894.9226,879.462,891.7694,887.0395,4.729900000000043,0.5332,47989.8,4308645.696
90,600519.SH,20190408,886.8425,894.7255,877.1069,887.0395,852.3541,34.68539999999996,4.0694,66251.93,5944780.639
91,600519.SH,20190404,827.7196,853.1425,823.9752,852.3541,832.1538,20.20029999999997,2.4275,55772.36,4763897.857
92,600519.SH,20190403,827.8379,839.288,822.0143,832.1538,837.5734,-5.419599999999946,-0.6471,43056.8,3629854.319
93,600519.SH,20190402,847.4174,847.4174,823.8372,837.5734,846.4419,-8.86850000000004,-1.0477,53227.05,4496538.849
94,600519.SH,20190401,847.4272,856.2464,838.5588,846.4419,841.5051,4.936800000000062,0.5867,60934.61,5228521.999
95,600519.SH,20190329,822.7927,854.0096,818.0333,841.5051,795.005,46.500099999999975,5.849,90933.96,7702154.797
96,600519.SH,20190328,781.8305,802.5727,774.1938,795.005,776.9725,18.032500000000027,2.3209,57566.76,4615969.704
97,600519.SH,20190327,769.5822,782.2739,763.6699,776.9725,761.6991,15.273399999999924,2.0052,42807.39,3366132.247
98,600519.SH,20190326,768.5968,774.45,752.9293,761.6991,764.2611,-2.562000000000012,-0.3352,37595.69,2914112.997
99,600519.SH,20190325,774.5091,776.4798,761.9948,764.2611,782.3921,-18.130999999999972,-2.3174,37270.46,2903744.159
100,600519.SH,20190322,776.6966,788.2847,773.5237,782.3921,774.2627,8.129400000000032,1.05,30517.5,2420497.823
101,600519.SH,20190321,776.4798,781.2097,770.0749,774.2627,781.2097,-6.947000000000003,-0.8893,32573.28,2558222.913
102,600519.SH,20190320,778.4506,790.5708,773.5237,781.2097,781.0225,0.18719999999996162,0.024,31117.52,2470811.128
103,600519.SH,20190319,791.2606,796.1086,780.717,781.0225,798.2469,-17.224399999999946,-2.1578,40634.93,3244967.39
104,600519.SH,20190318,767.4143,802.622,765.6407,798.2469,765.9363,32.31060000000002,4.2184,81318.8,6499566.987
105,600519.SH,20190315,764.6553,775.9872,753.6683,765.9363,766.626,-0.6897000000000162,-0.09,52400.71,4084798.328
106,600519.SH,20190314,745.9331,773.5237,742.9769,766.626,742.9769,23.649099999999976,3.183,62172.56,4808607.656
107,600519.SH,20190313,734.6012,749.6282,734.6012,742.9769,734.1183,8.858600000000024,1.2067,40561.36,3058080.906
108,600519.SH,20190312,752.6533,752.6632,728.1962,734.1183,747.4505,-13.332200000000057,-1.7837,52510.01,3946382.127
109,600519.SH,20190311,729.221,755.7376,729.221,747.4505,726.7181,20.732399999999984,2.8529,53057.24,4001728.73
110,600519.SH,20190308,727.1123,735.9117,722.9244,726.7181,737.6559,-10.937799999999925,-1.4828,52275.25,3868415.483
111,600519.SH,20190307,751.0767,751.0767,734.6603,737.6559,756.7722,-19.116300000000024,-2.526,60180.53,4526351.877
112,600519.SH,20190306,763.6699,768.1041,754.6832,756.7722,768.38,-11.607799999999997,-1.5107,46731.37,3602140.487
113,600519.SH,20190305,773.5237,778.0072,764.537,768.38,770.4296,-2.049600000000055,-0.266,44830.56,3501155.936
114,600519.SH,20190304,783.3775,786.6588,765.8574,770.4296,777.7608,-7.331199999999967,-0.9426,84585.96,6661386.571
115,600519.SH,20190301,750.3673,778.4506,749.8746,777.7608,743.9721,33.78870000000006,4.5417,63840.23,4952509.171
116,600519.SH,20190228,727.1123,752.2592,726.1762,743.9721,729.8713,14.100799999999936,1.932,56986.25,4289145.218
117,600519.SH,20190227,722.2839,746.9381,720.3132,729.8713,716.7165,13.154800000000023,1.8354,65942.27,4908445.127
118,600519.SH,20190226,736.8676,738.2274,715.3863,716.7165,731.4775,-14.760999999999967,-2.018,57964.66,4265279.124
119,600519.SH,20190225,720.0668,733.5567,707.4934,731.4775,715.3961,16.081399999999917,2.2479,82622.59,6034261.367
120,600519.SH,20190222,706.5178,717.8399,703.6602,715.3961,709.7203,5.675800000000095,0.7997,25908.77,1867253.93
121,600519.SH,20190221,709.474,719.8008,706.5178,709.7203,711.4447,-1.7244000000000597,-0.2424,29850.4,2163554.333
122,600519.SH,20190220,724.2547,724.2547,705.5916,711.4447,720.0767,-8.631999999999948,-1.1988,37882.37,2742919.644
123,600519.SH,20190219,730.1275,731.645,716.0366,720.0767,729.1816,-9.104900000000043,-1.2486,29501.5,2164408.781
124,600519.SH,20190218,720.3132,734.0592,720.3132,729.1816,714.1841,14.99750000000006,2.0999,37745.89,2787522.993
125,600519.SH,20190215,724.1364,724.1364,712.4498,714.1841,726.3831,-12.19900000000007,-1.6794,23237.98,1691515.518
126,600519.SH,20190214,720.5102,732.7881,719.4657,726.3831,724.501,1.8821000000000367,0.2598,32258.13,2375987.077
127,600519.SH,20190213,712.4301,725.3977,706.7346,724.501,707.4244,17.076599999999985,2.4139,35677.06,2589623.528
128,600519.SH,20190212,712.4301,714.8837,704.7441,707.4244,714.6965,-7.272100000000023,-1.0175,35091.43,2521840.124
129,600519.SH,20190211,684.8395,718.8351,678.1192,714.6965,682.5435,32.15300000000002,4.7108,58140.75,4143849.806
130,600519.SH,20190201,686.8496,688.781,679.5283,682.5435,679.5184,3.025099999999952,0.4452,30520.62,2121326.14
131,600519.SH,20190131,670.0588,679.5184,667.6544,679.5184,666.1172,13.401200000000017,2.0118,36696.57,2515374.97
132,600519.SH,20190130,674.9758,676.1878,666.1172,666.1172,674.9857,-8.868499999999926,-1.3139,22699.96,1545353.573
133,600519.SH,20190129,667.5953,677.9418,658.2342,674.9857,667.1026,7.883099999999899,1.1817,30342.59,2069407.513
134,600519.SH,20190128,674.0003,683.8344,666.1468,667.1026,669.7631,-2.6604999999999563,-0.3972,36102.87,2476277.972
135,600519.SH,20190125,665.999,674.8871,660.136,669.7631,662.6684,7.094699999999989,1.0706,28986.35,1966232.09
136,600519.SH,20190124,660.5006,667.9205,654.9627,662.6684,655.9284,6.740000000000009,1.0276,29155.27,1960227.058
137,600519.SH,20190123,657.4656,664.6392,653.4354,655.9284,661.1903,-5.261899999999969,-0.7958,33624.81,2247371.221
138,600519.SH,20190122,675.971,675.971,655.4948,661.1903,676.9367,-15.746399999999994,-2.3261,42122.21,2834735.031
139,600519.SH,20190121,679.9126,688.6627,671.9113,676.9367,673.616,3.320699999999988,0.493,47051.93,3242615.722
140,600519.SH,20190118,655.278,680.1096,651.8292,673.616,649.6121,24.00389999999993,3.6951,68609.18,4647515.824
141,600519.SH,20190117,653.3073,659.9093,646.2125,649.6121,651.4351,-1.822999999999979,-0.2798,30284.76,2004454.115
142,600519.SH,20190116,648.3804,655.9185,644.0447,651.4351,650.3314,1.1037000000000035,0.1697,42083.64,2775103.93
143,600519.SH,20190115,618.681,651.8292,615.8628,650.3314,615.4687,34.86270000000002,5.6644,55764.85,3613919.068
144,600519.SH,20190114,623.7459,626.5936,612.4633,615.4687,626.5838,-11.115099999999984,-1.7739,25648.9,1606308.126
145,600519.SH,20190111,615.8628,627.6874,609.7042,626.5838,609.7239,16.85990000000004,2.7652,38884.21,2445929.483
146,600519.SH,20190110,608.1079,615.7446,601.3285,609.7239,607.1126,2.6112999999999147,0.4301,29043.9,1797683.134
147,600519.SH,20190109,601.0723,617.0059,600.1361,607.1126,595.9483,11.164300000000026,1.8734,49892.27,3084214.779
148,600519.SH,20190108,596.6479,603.0529,591.5042,595.9483,596.638,-0.6897000000000162,-0.1156,28838.13,1750413.219
149,600519.SH,20190107,599.1114,603.0529,593.4159,596.638,593.1991,3.4388999999999896,0.5797,34750.13,2105981.461
150,600519.SH,20190104,578.6943,598.7862,573.5112,593.1991,581.3745,11.824600000000032,2.0339,37683.47,2258501.484
151,600519.SH,20190103,591.1987,592.864,577.2359,581.3745,590.2232,-8.848700000000008,-1.4992,30977.35,1838179.174
152,600519.SH,20190102,601.0624,603.0529,586.3113,590.2232,581.3844,8.838799999999992,1.5203,62286.49,3754387.984
153,600519.SH,20181228,555.0648,587.6809,551.8131,581.3844,554.7692,26.615200000000073,4.7975,63678.37,3705150.49
154,600519.SH,20181227,561.6669,563.4898,554.0006,554.7692,551.8919,2.877299999999991,0.5214,29493.57,1670211.285
155,600519.SH,20181226,555.5674,560.0903,549.8423,551.8919,557.5184,-5.626500000000078,-1.0092,17866.2,1005617.678
156,600519.SH,20181225,554.0006,559.2034,545.5165,557.5184,559.6961,-2.177699999999959,-0.3891,26592.86,1490157.587
157,600519.SH,20181224,555.2619,562.5636,549.8423,559.6961,559.1148,0.5813000000000557,0.104,19109.86,1080787.424
158,600519.SH,20181221,562.6523,565.0665,553.9908,559.1148,566.1011,-6.986300000000028,-1.2341,30640.43,1736537.277
159,600519.SH,20181220,567.796,572.9988,560.5731,566.1011,569.3529,-3.251800000000003,-0.5711,26940.98,1549600.76
160,600519.SH,20181219,580.3891,582.35,567.6087,569.3529,582.3008,-12.947900000000004,-2.2236,25715.96,1501321.336
161,600519.SH,20181218,577.3147,582.892,576.4476,582.3008,581.8869,0.41390000000001237,0.0711,19222.18,1130221.286
162,600519.SH,20181217,583.9069,587.2572,576.4575,581.8869,584.2912,-2.4043000000000347,-0.4115,24895.85,1466942.952
163,600519.SH,20181214,589.2674,591.0312,583.3453,584.2912,592.9527,-8.661500000000046,-1.4607,24554.48,1461585.126
164,600519.SH,20181213,581.3745,598.0077,580.9804,592.9527,580.3891,12.563600000000065,2.1647,40399.41,2427823.194
165,600519.SH,20181212,580.1822,580.5862,574.2798,580.3891,574.467,5.9221,1.0309,19921.54,1168089.518
166,600519.SH,20181211,568.5646,577.9749,568.5646,574.467,568.7912,5.675799999999981,0.9979,16316.6,949962.155
167,600519.SH,20181210,567.5792,578.9111,565.7858,568.7912,578.4184,-9.627200000000016,-1.6644,24640.68,1427993.218
168,600519.SH,20181207,586.8926,590.105,576.152,578.4184,583.1482,-4.729799999999955,-0.8111,26841.67,1583970.32
169,600519.SH,20181206,591.2283,597.1209,581.7292,583.1482,601.1807,-18.032500000000027,-2.9995,37758.07,2250440.655
170,600519.SH,20181205,588.7649,607.4871,586.3014,601.1807,593.4257,7.7549999999999955,1.3068,41588.19,2523641.849
171,600519.SH,20181204,594.1746,595.426,586.3014,593.4257,592.4108,1.0149000000000115,0.1713,31473.88,1888148.735
172,600519.SH,20181203,580.3891,596.1552,576.221,592.4108,556.74,35.670799999999986,6.4071,83414.68,4964130.146
173,600519.SH,20181130,548.8569,560.5731,544.9154,556.74,543.5359,13.20410000000004,2.4293,49010.46,2762808.219
174,600519.SH,20181129,557.7549,561.4698,540.9838,543.5359,548.8569,-5.321000000000026,-0.9695,45069.45,2524752.31
175,600519.SH,20181128,542.7969,551.0149,537.5251,548.8569,540.0871,8.769800000000032,1.6238,27737.93,1535544.366
176,600519.SH,20181127,543.93,546.8763,538.5105,540.0871,544.0384,-3.95130000000006,-0.7263,20233.82,1112920.631
177,600519.SH,20181126,549.8423,552.0102,543.93,544.0384,548.7584,-4.720000000000027,-0.8601,19120.19,1063536.979
178,600519.SH,20181123,555.7546,559.0064,548.7584,548.7584,556.2473,-7.488899999999944,-1.3463,20126.21,1126652.921
179,600519.SH,20181122,556.8878,559.0359,549.8423,556.2473,556.4444,-0.19709999999997763,-0.0354,21213.33,1193347.565
180,600519.SH,20181121,545.9008,560.583,545.5855,556.4444,553.3897,3.0547000000000253,0.552,27107.3,1527915.052
181,600519.SH,20181120,556.74,559.6961,551.8131,553.3897,560.7012,-7.311500000000024,-1.304,26943.26,1514353.125
182,600519.SH,20181119,552.1087,563.6377,550.9361,560.7012,551.8131,8.888100000000009,1.6107,36179.25,2052509.531
183,600519.SH,20181116,552.7985,557.7254,549.8719,551.8131,551.5175,0.29559999999992215,0.0536,28938.79,1625453.517
184,600519.SH,20181115,550.6306,556.5429,547.3789,551.5175,546.9847,4.532800000000066,0.8287,30833.4,1728199.015
185,600519.SH,20181114,561.6275,561.6275,544.472,546.9847,561.6669,-14.68220000000008,-2.614,41766.83,2331999.884
186,600519.SH,20181113,538.136,561.6669,535.0616,561.6669,543.93,17.736900000000105,3.2609,66429.05,3695850.099
187,600519.SH,20181112,544.9154,546.0979,528.9523,543.93,553.7839,-9.853900000000067,-1.7794,67824.22,3709848.786
188,600519.SH,20181109,558.9275,560.6815,553.7839,553.7839,562.0019,-8.217999999999961,-1.4623,24336.82,1374731.688
189,600519.SH,20181108,565.6084,568.5646,559.6961,562.0019,558.1195,3.8823999999999614,0.6956,33763.74,1933594.956
190,600519.SH,20181107,560.6815,566.5445,553.7937,558.1195,557.7254,0.39409999999998035,0.0707,38107.78,2165679.706
191,600519.SH,20181106,565.6084,565.7661,549.8522,557.7254,567.3821,-9.6567,-1.702,45566.14,2572068.93
192,600519.SH,20181105,584.3306,584.3306,563.411,567.3821,591.1298,-23.74770000000001,-4.0173,75517.08,4373994.135
193,600519.SH,20181102,576.4476,591.2283,563.8741,591.1298,554.7692,36.36060000000009,6.5542,89156.96,5227695.093
194,600519.SH,20181101,546.8862,576.9403,543.191,554.7692,540.8754,13.893799999999942,2.5688,98106.72,5581027.253
195,600519.SH,20181031,519.2955,546.8862,514.3686,540.8754,516.3394,24.536000000000058,4.7519,96884.82,5239853.122
196,600519.SH,20181030,502.5441,535.0616,501.5784,516.3394,541.0626,-24.72320000000002,-4.5694,204396.67,10663392.394
197,600519.SH,20181029,541.0626,541.0626,541.0626,541.0626,601.1807,-60.11810000000003,-10.0,49076.0,2694714.084
198,600519.SH,20181026,609.9505,615.8628,599.0916,601.1807,609.9505,-8.769800000000032,-1.4378,55327.38,3388947.805
199,600519.SH,20181025,610.9359,613.3994,599.6829,609.9505,627.6775,-17.726999999999975,-2.8242,75568.38,4657019.123
200,600519.SH,20181024,618.9274,640.4973,610.9359,627.6775,632.3581,-4.680600000000027,-0.7402,76112.82,4818473.584
201,600519.SH,20181023,678.9272,678.9272,625.7166,632.3581,682.8687,-50.510599999999954,-7.3968,123112.73,8076618.589
202,600519.SH,20181022,665.1318,691.7568,665.1318,682.8687,660.2049,22.663800000000037,3.4328,73108.57,5036971.569
203,600519.SH,20181019,628.6728,665.1318,625.7955,660.2049,636.4967,23.70819999999992,3.7248,76199.38,4973381.203
204,600519.SH,20181018,650.3511,650.3511,635.5409,636.4967,655.9875,-19.490799999999922,-2.9712,52156.07,3394332.712
205,600519.SH,20181017,665.1318,667.3982,640.3988,655.9875,657.3868,-1.3993000000000393,-0.2129,43077.07,2846537.063
206,600519.SH,20181016,656.2437,669.5956,652.3318,657.3868,657.1503,0.23649999999997817,0.036,26393.6,1766613.793
207,600519.SH,20181015,659.7024,662.1264,650.3807,657.1503,658.2342,-1.0838999999999714,-0.1647,35607.3,2372056.68
208,600519.SH,20181012,641.4827,662.8458,641.0689,658.2342,635.5606,22.673599999999965,3.5675,54472.56,3599837.217
209,600519.SH,20181011,625.7265,659.1604,625.7265,635.5606,661.1115,-25.550899999999956,-3.8648,91581.96,5953169.079
210,600519.SH,20181010,687.0664,687.7956,659.8995,661.1115,684.8395,-23.728000000000065,-3.4648,63098.2,4288785.948
211,600519.SH,20181009,676.8579,688.4952,675.8725,684.8395,676.1188,8.720700000000079,1.2898,40222.83,2785526.957
212,600519.SH,20181008,704.9511,708.4886,676.1188,676.1188,719.3278,-43.20900000000006,-6.0069,82745.02,5798721.501
213,600519.SH,20180928,716.076,722.481,708.3703,719.3278,713.4155,5.912300000000073,0.8287,35089.8,2551115.844
214,600519.SH,20180927,716.8643,717.357,704.9412,713.4155,714.3319,-0.9164000000000669,-0.1283,40508.53,2918965.007
215,600519.SH,20180926,691.8357,721.9686,691.7273,714.3319,686.8299,27.502000000000066,4.0042,72287.77,5200777.033
216,600519.SH,20180925,684.8395,695.452,683.1249,686.8299,689.7762,-2.9463000000000648,-0.4271,30639.91,2142679.11
217,600519.SH,20180921,672.0295,689.7762,670.0686,689.7762,668.6299,21.146299999999997,3.1626,42617.2,2945196.257
218,600519.SH,20180920,675.1827,676.8579,667.4573,668.6299,671.458,-2.8280999999999494,-0.4212,27519.48,1878075.359
219,600519.SH,20180919,656.8349,675.971,656.2634,671.458,656.9532,14.504799999999932,2.2079,48221.84,3277470.608
220,600519.SH,20180918,633.5997,658.2342,632.8311,656.9532,636.3686,20.584600000000023,3.2347,37858.68,2480477.388
221,600519.SH,20180917,635.5704,643.4141,631.688,636.3686,633.5011,2.8675000000000637,0.4526,29112.95,1884188.491
222,600519.SH,20180914,624.7115,640.2806,619.3412,633.5011,622.7408,10.760299999999916,1.7279,40900.19,2617626.839
223,600519.SH,20180913,628.6728,632.6143,610.9359,622.7408,620.7897,1.9510999999999967,0.3143,47713.16,3004019.091
224,600519.SH,20180912,633.5997,635.4423,618.8288,620.7897,636.5558,-15.766099999999938,-2.4768,41157.37,2612360.007
225,600519.SH,20180911,636.1321,641.4532,631.2643,636.5558,635.3734,1.1824000000000296,0.1861,19496.87,1258466.309
226,600519.SH,20180910,642.6652,644.2516,631.3333,635.3734,641.4532,-6.079800000000091,-0.9478,21202.2,1369296.442
227,600519.SH,20180907,636.0631,648.4099,635.7084,641.4532,634.5851,6.868100000000027,1.0823,29240.06,1903829.724
228,600519.SH,20180906,642.4681,649.622,630.6435,634.5851,648.1734,-13.588300000000004,-2.0964,42370.58,2744204.071
229,600519.SH,20180905,665.1318,667.0928,647.395,648.1734,665.1713,-16.99789999999996,-2.5554,28983.42,1927600.143
230,600519.SH,20180904,657.0517,666.1172,651.9277,665.1713,656.4704,8.700899999999933,1.3254,21540.48,1441658.194
231,600519.SH,20180903,642.4681,657.909,641.2856,656.4704,649.553,6.917400000000043,1.0649,30179.84,1992654.934
232,600519.SH,20180831,666.3636,667.1026,646.9023,649.553,670.4529,-20.899900000000002,-3.1173,58980.93,3911486.18
233,600519.SH,20180830,678.1487,682.4745,669.0832,670.4529,675.8232,-5.370300000000043,-0.7946,33788.33,2312993.223
234,600519.SH,20180829,672.0295,678.8089,669.1719,675.8232,671.0441,4.779100000000085,0.7122,27404.03,1877474.37
235,600519.SH,20180828,682.8687,683.6373,668.6299,671.0441,677.252,-6.207899999999995,-0.9166,32488.9,2222697.903
236,600519.SH,20180827,652.3219,677.252,652.3219,677.252,650.6468,26.605199999999968,4.089,48016.92,3261483.99
237,600519.SH,20180824,659.2196,659.2196,646.8629,650.6468,660.4119,-9.765099999999961,-1.4786,26090.26,1725516.32
238,600519.SH,20180823,661.8801,668.5807,655.4554,660.4119,657.9386,2.4732999999999947,0.3759,27357.27,1836880.236
239,600519.SH,20180822,661.1903,663.3582,653.3073,657.9386,661.6732,-3.7346000000000004,-0.5644,20675.51,1381418.422
240,600519.SH,20180821,637.5412,662.4713,637.5412,661.6732,635.3635,26.309699999999907,4.1409,52249.02,3460897.975
241,600519.SH,20180820,623.2039,636.1124,607.8418,635.3635,625.5787,9.784800000000018,1.5641,48852.34,3081035.729
242,600519.SH,20180817,647.8877,647.8877,620.7996,625.5787,638.9601,-13.381399999999985,-2.0942,46574.57,3001465.861
243,600519.SH,20180816,642.4681,658.7269,630.6435,638.9601,653.1102,-14.150099999999952,-2.1666,59939.85,3908421.566
244,600519.SH,20180815,669.8617,670.0588,651.3365,653.1102,670.1869,-17.076700000000073,-2.5481,34997.09,2336994.709
245,600519.SH,20180814,669.2902,674.493,663.6636,670.1869,669.2902,0.8967000000000098,0.134,21696.83,1474124.248
246,600519.SH,20180813,673.0149,673.0149,656.9335,669.2902,677.1338,-7.843599999999924,-1.1584,34570.41,2329262.063
247,600519.SH,20180810,681.7651,684.6128,674.1973,677.1338,681.7651,-4.63130000000001,-0.6793,23817.67,1643993.563
248,600519.SH,20180809,661.1903,684.3468,660.3232,681.7651,666.334,15.431100000000015,2.3158,34485.75,2368461.339
249,600519.SH,20180808,676.9761,678.9272,662.0476,666.334,676.2469,-9.912900000000036,-1.4659,29685.44,2016438.669
250,600519.SH,20180807,662.4713,677.7743,652.3416,676.2469,659.8896,16.35730000000001,2.4788,39085.59,2645263.31
251,600519.SH,20180806,667.1026,674.0003,652.5682,659.8896,669.0635,-9.173900000000003,-1.3712,45248.12,3039091.096
252,600519.SH,20180803,684.8395,684.8395,666.3143,669.0635,685.6672,-16.603700000000003,-2.4215,47336.99,3230239.085
253,600519.SH,20180802,705.5029,705.5029,677.8235,685.6672,704.4879,-18.820699999999988,-2.6715,55001.43,3840134.516
254,600519.SH,20180801,720.7073,721.5942,703.6701,704.4879,715.8198,-11.331900000000019,-1.5831,25237.88,1821933.661
255,600519.SH,20180731,709.7696,717.2388,708.6955,715.8198,708.6955,7.124299999999948,1.0053,20683.46,1499353.469
256,600519.SH,20180730,728.0977,729.8319,704.5471,708.6955,727.7626,-19.067099999999982,-2.62,42171.66,3058614.52
257,600519.SH,20180727,725.2401,733.4187,719.3278,727.7626,724.8656,2.897000000000048,0.3997,20913.6,1546655.26
258,600519.SH,20180726,737.9515,737.9515,723.4959,724.8656,732.9359,-8.070299999999975,-1.1011,23067.26,1707662.628
259,600519.SH,20180725,736.03,738.9171,729.1914,732.9359,734.5026,-1.5667000000000826,-0.2133,21743.88,1618737.612
260,600519.SH,20180724,721.9686,736.3749,712.4301,734.5026,721.3675,13.13510000000008,1.8209,41808.6,3091209.135
261,600519.SH,20180723,725.2401,730.3148,709.4838,721.3675,730.2951,-8.927600000000098,-1.2225,35969.89,2621763.717
262,600519.SH,20180720,730.6597,732.2658,717.357,730.2951,730.1177,0.1774000000000342,0.0243,30548.5,2249792.135
263,600519.SH,20180719,728.1962,733.0738,724.2744,730.1177,726.659,3.4587000000000216,0.476,18078.5,1337080.011
264,600519.SH,20180718,731.5761,738.7299,724.2547,726.659,731.5761,-4.917100000000005,-0.6721,24521.71,1818760.392
265,600519.SH,20180717,745.9331,745.9331,725.2598,731.5761,743.647,-12.070900000000051,-1.6232,27806.03,2064190.615
266,600519.SH,20180716,741.3018,752.9391,740.0503,743.647,736.0694,7.577600000000075,1.0295,32474.87,2454501.604
267,600519.SH,20180713,731.448,737.1632,724.3729,736.0694,726.7575,9.311899999999923,1.2813,28907.04,2152944.602
268,600519.SH,20180712,707.5032,730.3345,707.5032,726.7575,709.0601,17.697400000000016,2.4959,40170.04,2947129.14
269,600519.SH,20180711,699.6202,713.4155,691.9539,709.0601,715.1498,-6.0896999999999935,-0.8515,24278.45,1736875.98
270,600519.SH,20180710,718.3424,720.8058,702.9015,715.1498,716.6081,-1.4583000000000084,-0.2035,29010.47,2096683.487
271,600519.SH,20180709,709.5035,719.1898,709.2079,716.6081,703.6799,12.92820000000006,1.8372,40572.66,2944655.287
272,600519.SH,20180706,696.664,710.3904,689.0372,703.6799,692.1214,11.558499999999981,1.67,44156.61,3140922.35
273,600519.SH,20180705,689.7664,705.7295,689.7664,692.1214,680.8093,11.312099999999987,1.6616,47123.8,3333680.083
274,600519.SH,20180704,681.8833,689.7664,677.9418,680.8093,684.7606,-3.9512999999999465,-0.577,37990.75,2637494.71
275,600519.SH,20180703,699.3837,705.3157,668.3146,684.7606,701.1475,-16.386900000000082,-2.3372,82837.1,5743330.241
276,600519.SH,20180702,723.7817,728.5214,692.7225,701.1475,720.7664,-19.61889999999994,-2.7219,37558.11,2709882.026
277,600519.SH,20180629,701.8865,721.5942,694.6933,720.7664,700.5366,20.229799999999955,2.8878,32929.27,2378884.218
278,600519.SH,20180628,703.5617,708.4886,686.8102,700.5366,711.8783,-11.341699999999946,-1.5932,50833.94,3610842.734
279,600519.SH,20180627,741.0061,745.9331,710.4594,711.8783,743.7652,-31.886900000000082,-4.2872,57298.01,4194739.085
280,600519.SH,20180626,754.1216,758.6248,736.0792,743.7652,754.3679,-10.602699999999913,-1.4055,46577.98,3516945.435
281,600519.SH,20180625,754.8015,767.5819,753.7176,754.3679,755.3237,-0.9558000000000675,-0.1265,32934.16,2543272.262
282,600519.SH,20180622,742.9769,755.7869,739.0354,755.3237,748.2191,7.104600000000005,0.9495,28854.81,2190055.865
283,600519.SH,20180621,754.0329,767.503,747.6772,748.2191,752.4267,-4.207599999999957,-0.5592,39182.55,3013867.644
284,600519.SH,20180620,730.167,753.8161,730.167,752.4267,727.2108,25.215900000000033,3.4675,45838.02,3454583.693
285,600519.SH,20180619,757.7576,757.7576,726.2254,727.2108,762.0243,-34.81350000000009,-4.5686,60195.87,4535664.03
286,600519.SH,20180615,761.8962,767.1976,757.8562,762.0243,763.798,-1.7736999999999625,-0.2322,31707.73,2455441.877
287,600519.SH,20180614,767.5488,771.2409,753.15,763.7888,767.8695,-4.080699999999979,-0.5314,36159.61,2830514.231
288,600519.SH,20180613,777.2647,779.8102,766.4607,767.8695,776.4777,-8.60820000000001,-1.1086,35244.37,2803441.679
289,600519.SH,20180612,755.8899,780.6652,754.4325,776.4777,753.6844,22.793300000000045,3.0242,55287.08,4385043.27
290,600519.SH,20180611,753.9953,763.6625,746.4947,753.6844,755.8413,-2.156900000000064,-0.2854,36547.55,2837404.005
291,600519.SH,20180608,757.833,763.5654,748.1172,755.8413,758.7755,-2.934199999999919,-0.3867,34958.46,2712363.711
292,600519.SH,20180607,767.5294,772.9411,756.7643,758.7755,763.4196,-4.64409999999998,-0.6083,39167.78,3078137.471
293,600519.SH,20180606,765.6057,778.1877,760.0677,763.4196,765.6543,-2.234700000000089,-0.2919,48969.48,3870616.725
294,600519.SH,20180605,764.1483,772.1153,755.1418,765.6543,759.7471,5.907199999999989,0.7775,52629.67,4136578.583
295,600519.SH,20180604,730.9688,760.6506,724.6827,759.7471,723.9346,35.8125,4.9469,73805.97,5697540.359
296,600519.SH,20180601,729.7835,733.5241,717.765,723.9346,729.7835,-5.848899999999958,-0.8015,36177.63,2694415.012
297,600519.SH,20180531,709.4969,730.2596,709.4872,729.7835,705.2414,24.542100000000005,3.48,71852.87,5356222.572
298,600519.SH,20180530,706.553,716.3465,699.5868,705.2414,710.6434,-5.402000000000044,-0.7602,37147.1,2706486.799
299,600519.SH,20180529,717.8039,728.6856,710.4976,710.6434,719.3584,-8.714999999999918,-1.2115,40820.27,3029700.817
300,600519.SH,20180528,697.595,719.611,694.7969,719.3584,696.4874,22.87099999999998,3.2838,42805.23,3129960.293
301,600519.SH,20180525,691.7655,706.3393,691.7655,696.4874,695.0689,1.4184999999999945,0.2041,26511.46,1908701.139
302,600519.SH,20180524,699.5382,707.9521,692.7371,695.0689,703.2108,-8.141899999999964,-1.1578,30416.34,2191695.815
303,600519.SH,20180523,718.9698,718.9698,703.0164,703.2108,718.552,-15.341200000000072,-2.135,28268.71,2061375.201
304,600519.SH,20180522,714.3256,718.8144,709.2734,718.552,713.937,4.615000000000009,0.6464,16998.96,1250693.946
305,600519.SH,20180521,722.8561,726.0623,711.6635,713.937,718.3091,-4.372099999999932,-0.6087,29059.58,2150582.003
306,600519.SH,20180518,703.4148,719.9414,700.6944,718.3091,706.7085,11.600599999999986,1.6415,29255.17,2140724.039
307,600519.SH,20180517,714.2285,716.5409,703.4245,706.7085,713.6455,-6.937000000000012,-0.9721,28517.93,2077476.64
308,600519.SH,20180516,718.9698,724.469,712.4408,713.6455,721.9428,-8.297300000000064,-1.1493,30795.2,2275092.45
309,600519.SH,20180515,724.7993,725.2268,713.1403,721.9428,721.3113,0.6315000000000737,0.0875,38055.8,2811622.722
310,600519.SH,20180514,703.4245,721.8845,703.4245,721.3113,697.6145,23.69679999999994,3.3968,51014.71,3753818.029
311,600519.SH,20180511,698.2654,709.7398,695.3604,697.6145,693.8933,3.721200000000067,0.5363,39141.65,2826877.192
312,600519.SH,20180510,683.5071,695.6519,683.5071,693.8933,682.0012,11.892099999999914,1.7437,39293.8,2794919.589
313,600519.SH,20180509,688.9285,692.057,677.3084,682.0012,688.6856,-6.684399999999982,-0.9706,32331.06,2267880.036
314,600519.SH,20180508,678.1926,691.8918,678.1926,688.6856,678.3286,10.356999999999971,1.5268,62497.83,4414037.853
315,600519.SH,20180507,641.1948,681.9331,639.0767,678.3286,644.0318,34.296800000000076,5.3253,85591.43,5858519.223
316,600519.SH,20180504,651.9113,655.6519,641.7971,644.0318,651.8141,-7.7823000000000775,-1.1939,37375.84,2492610.223
317,600519.SH,20180503,647.0728,654.5346,639.3002,651.8141,648.8508,2.963300000000004,0.4567,36326.53,2426248.236
318,600519.SH,20180502,641.2433,649.9779,626.7279,648.8508,643.7014,5.149400000000014,0.8,70259.11,4589885.607
319,600519.SH,20180427,665.7758,668.7974,636.3854,643.7014,658.9553,-15.25389999999993,-2.3149,57915.21,3866680.412
320,600519.SH,20180426,672.3339,672.606,653.8739,658.9553,671.3332,-12.377900000000068,-1.8438,35047.9,2378744.475
321,600519.SH,20180425,669.4192,672.3339,663.6091,671.3332,670.2742,1.0590000000000828,0.158,25252.22,1738767.067
322,600519.SH,20180424,656.7886,673.7913,655.8171,670.2742,654.8552,15.418999999999983,2.3546,47282.56,3252280.969
323,600519.SH,20180423,647.0825,660.9956,647.0825,654.8552,651.2118,3.6433999999999287,0.5595,32659.2,2196761.047
324,600519.SH,20180420,661.6465,674.2771,649.2394,651.2118,660.6361,-9.424300000000017,-1.4265,41511.68,2831559.751
325,600519.SH,20180419,641.0976,660.675,637.9983,660.6361,637.0072,23.628900000000044,3.7094,44207.57,2976468.492
326,600519.SH,20180418,651.9307,651.9307,626.6696,637.0072,647.2671,-10.259900000000016,-1.5851,62616.6,4104175.827
327,600519.SH,20180417,665.5329,665.9021,646.6842,647.2671,662.0157,-14.74860000000001,-2.2278,35172.76,2377407.817
328,600519.SH,20180416,661.2385,667.3303,657.7602,662.0157,667.34,-5.324299999999994,-0.7978,32939.67,2241463.093
329,600519.SH,20180413,678.6492,681.0782,665.6106,667.34,674.4714,-7.131399999999985,-1.0573,27549.52,1904051.062
330,600519.SH,20180412,683.9929,686.791,672.5477,674.4714,685.3142,-10.842800000000011,-1.5822,30713.61,2139139.504
331,600519.SH,20180411,689.8224,694.4665,683.0407,685.3142,687.8987,-2.5844999999999345,-0.3757,25723.18,1822237.882
332,600519.SH,20180410,684.7702,688.365,678.6103,687.8987,678.4549,9.44380000000001,1.392,32043.25,2252069.676
333,600519.SH,20180409,677.289,685.3823,670.5365,678.4549,674.2868,4.168099999999981,0.6181,30833.05,2149178.951
334,600519.SH,20180404,662.6181,680.5244,661.0442,674.2868,658.6444,15.642399999999952,2.3749,56891.31,3948712.791
335,600519.SH,20180403,658.7318,667.476,656.196,658.6444,660.7333,-2.088899999999967,-0.3161,40235.58,2737509.485
336,600519.SH,20180402,660.675,671.3623,654.9523,660.7333,664.1921,-3.4587999999999965,-0.5208,32039.08,2185060.765
337,600519.SH,20180330,666.5044,673.7913,660.5584,664.1921,669.5163,-5.324200000000019,-0.7952,36540.28,2502696.336
338,600519.SH,20180329,662.8124,678.0177,639.6985,669.5163,662.6667,6.8496000000000095,1.0336,79081.96,5362890.034
339,600519.SH,20180328,680.0774,683.0213,649.9876,662.6667,694.4277,-31.760999999999967,-4.5737,113539.72,7786098.263
340,600519.SH,20180327,702.4529,705.2511,683.9929,694.4277,693.2132,1.21449999999993,0.1752,47548.44,3399900.239
341,600519.SH,20180326,687.8792,694.7386,681.9331,693.2132,690.8523,2.360900000000015,0.3417,46256.11,3276880.07
342,600519.SH,20180323,681.0782,702.929,680.1843,690.8523,705.4454,-14.593099999999936,-2.0686,52546.77,3727044.98
343,600519.SH,20180322,722.8561,726.7425,703.4342,705.4454,720.913,-15.467600000000061,-2.1456,37486.97,2748721.669
344,600519.SH,20180321,728.7925,731.7072,718.9698,720.913,726.4801,-5.567099999999982,-0.7663,26742.71,1996584.261
345,600519.SH,20180320,728.6856,730.6288,718.9698,726.4801,732.0667,-5.586599999999976,-0.7631,28877.2,2154897.794
346,600519.SH,20180319,722.827,732.5622,717.9982,732.0667,718.8241,13.242599999999925,1.8423,38666.58,2897348.542
347,600519.SH,20180316,726.3538,732.5525,717.8816,718.8241,725.2559,-6.431799999999953,-0.8868,35855.52,2676682.524
348,600519.SH,20180315,707.3303,725.7709,707.3303,725.2559,706.2227,19.033199999999965,2.6951,56148.79,4161645.76
349,600519.SH,20180314,689.5018,707.3886,687.1214,706.2227,690.1624,16.060299999999984,2.327,37355.76,2683830.11
350,600519.SH,20180313,702.4529,705.9506,689.8224,690.1624,703.3759,-13.213499999999954,-1.8786,38577.09,2764426.996
351,600519.SH,20180312,708.8168,713.0626,702.2295,703.3759,707.5052,-4.129299999999944,-0.5836,39888.41,2900950.557
352,600519.SH,20180309,706.8736,711.751,702.9387,707.5052,702.2198,5.2853999999999814,0.7527,30171.0,2199081.672
353,600519.SH,20180308,693.7087,703.4245,687.8792,702.2198,689.8612,12.35859999999991,1.7915,35349.3,2540452.0
354,600519.SH,20180307,694.6803,703.4245,688.8411,689.8612,697.8476,-7.986400000000003,-1.1444,34595.94,2480929.043
355,600519.SH,20180306,704.3961,706.9222,677.3181,697.8476,699.6451,-1.7974999999999,-0.2569,64570.36,4581658.583
356,600519.SH,20180305,717.2015,720.913,696.6526,699.6451,715.4818,-15.836700000000064,-2.2134,37234.7,2703926.955
357,600519.SH,20180302,717.0266,722.4286,709.254,715.4818,720.8838,-5.40199999999993,-0.7494,25991.9,1912613.83
358,600519.SH,20180301,707.3108,725.6251,703.201,720.8838,704.9985,15.885299999999916,2.2532,44794.65,3303604.159
359,600519.SH,20180228,711.1972,721.2044,698.5666,704.9985,717.0072,-12.008699999999976,-1.6748,48330.67,3522004.686
360,600519.SH,20180227,727.714,734.5151,716.2688,717.0072,722.3801,-5.372899999999959,-0.7438,42601.54,3181778.842
361,600519.SH,20180226,725.6543,730.6774,712.1882,722.3801,721.3793,1.0008000000000266,0.1387,43658.24,3243216.345
362,600519.SH,20180223,725.7709,735.0592,716.0551,721.3793,721.3502,0.02909999999997126,0.004,38158.77,2844936.758
363,600519.SH,20180222,706.6307,722.8561,702.6861,721.3502,698.0322,23.317999999999984,3.3405,50764.69,3717469.267
364,600519.SH,20180214,699.5382,699.5382,691.9793,698.0322,691.7461,6.286100000000033,0.9087,30652.6,2198728.707
365,600519.SH,20180213,684.9839,694.5054,684.4787,691.7461,677.6582,14.08789999999999,2.0789,53389.18,3793782.378
366,600519.SH,20180212,671.3623,685.4503,665.7272,677.6582,664.0075,13.650699999999915,2.0558,64179.55,4466343.242
367,600519.SH,20180209,660.675,670.2839,639.3002,664.0075,681.0684,-17.060899999999947,-2.505,105578.26,7160206.33
368,600519.SH,20180208,662.8124,697.595,662.8124,681.0684,664.0075,17.060899999999947,2.5694,83409.43,5860233.484
369,600519.SH,20180207,699.5382,703.3079,662.6278,664.0075,688.7148,-24.70729999999992,-3.5875,88289.98,6231141.116
370,600519.SH,20180206,683.0213,702.0643,683.0213,688.7148,697.8185,-9.103700000000003,-1.3046,88168.71,6270888.575
371,600519.SH,20180205,706.553,709.2151,685.5474,697.8185,719.3584,-21.53989999999999,-2.9943,98995.85,7104095.616
372,600519.SH,20180202,730.8425,731.8238,704.3961,719.3584,736.1959,-16.83750000000009,-2.2871,75420.82,5583742.782
373,600519.SH,20180201,745.2025,745.494,731.5226,736.1959,742.8124,-6.616499999999974,-0.8907,50582.61,3846421.613
374,600519.SH,20180131,717.9982,749.7786,717.9982,742.8124,720.9907,21.821700000000078,3.0266,60402.41,4601994.781
375,600519.SH,20180130,715.0835,727.4906,709.2734,720.9907,715.3944,5.596299999999928,0.7823,51911.03,3852705.098
376,600519.SH,20180129,756.6283,757.5124,714.1119,715.3944,755.132,-39.73759999999993,-5.2623,74535.51,5637041.971
377,600519.SH,20180126,745.4357,755.3069,742.2877,755.132,747.3011,7.830899999999929,1.0479,43978.33,3389953.777
378,600519.SH,20180125,739.373,753.9467,729.6572,747.3011,742.7347,4.566400000000044,0.6148,50040.72,3821875.04
379,600519.SH,20180124,754.3742,754.3936,737.0412,742.7347,751.7898,-9.055100000000039,-1.2045,43298.81,3311348.774
380,600519.SH,20180123,755.7053,757.833,746.757,751.7898,751.6538,0.13599999999996726,0.0181,49549.18,3836387.69
381,600519.SH,20180122,730.4442,752.0036,730.4442,751.6538,728.8605,22.793300000000045,3.1273,67126.75,5129674.653
382,600519.SH,20180119,731.5032,737.3327,718.0177,728.8605,729.4046,-0.5440999999999576,-0.0746,50925.56,3818021.99
383,600519.SH,20180118,726.6744,743.2593,722.9436,729.4046,726.6744,2.730199999999968,0.3757,58978.51,4443031.234
384,600519.SH,20180117,748.1172,752.0036,717.5221,726.6744,750.9737,-24.299300000000017,-3.2357,90709.54,6835580.477
385,600519.SH,20180116,758.2994,766.1983,746.1741,750.9737,763.0504,-12.07669999999996,-1.5827,65428.33,5084966.063
386,600519.SH,20180115,770.9105,776.3514,756.8809,763.0504,766.0137,-2.963300000000004,-0.3868,52473.13,4136645.487
387,600519.SH,20180112,751.7801,766.3829,745.2219,766.0137,752.7905,13.22320000000002,1.7566,45988.24,3577281.776
388,600519.SH,20180111,764.6341,765.6057,750.0604,752.7905,763.3808,-10.59030000000007,-1.3873,50656.07,3942075.854
389,600519.SH,20180110,762.6909,766.4607,751.4983,763.3808,760.2814,3.0994000000000597,0.4077,47714.24,3731993.154
390,600519.SH,20180109,730.8328,760.7478,730.8328,760.2814,730.7551,29.526299999999992,4.0405,64591.95,5001164.506
391,600519.SH,20180108,714.1313,735.0009,714.1313,730.7551,717.3764,13.37869999999998,1.8649,52204.56,3899951.72
392,600519.SH,20180105,719.9414,724.8284,707.5246,717.3764,716.1231,1.2532999999999674,0.175,39989.07,2946493.013
393,600519.SH,20180104,700.8984,722.3703,698.8872,716.1231,695.5158,20.60730000000001,2.9629,72205.08,5309890.21
394,600519.SH,20180103,681.5639,700.8984,679.854,695.5158,683.8472,11.66859999999997,1.7063,52019.41,3713523.701
395,600519.SH,20180102,680.1066,689.9778,670.2839,683.8472,677.6679,6.179300000000012,0.9118,49612.48,3482407.646
396,600519.SH,20171229,697.595,705.8535,671.9453,677.6679,698.2654,-20.597499999999968,-2.9498,76038.87,5372514.665
397,600519.SH,20171228,667.476,699.441,652.2416,698.2654,645.3045,52.96090000000004,8.2071,124141.07,8656875.718
398,600519.SH,20171227,665.3968,665.3968,643.6723,645.3045,661.4619,-16.157400000000052,-2.4427,37722.05,2539720.696
399,600519.SH,20171226,668.6225,673.2958,657.2744,661.4619,668.5642,-7.102300000000014,-1.0623,31867.66,2174103.282
400,600519.SH,20171225,666.5044,676.5117,664.2892,668.5642,663.512,5.052200000000084,0.7614,36214.28,2497653.982
401,600519.SH,20171222,660.675,666.4073,657.7699,663.512,662.3655,1.1464999999999463,0.1731,28317.01,1930315.469
402,600519.SH,20171221,663.5897,667.8841,656.3028,662.3655,665.4454,-3.0798999999999523,-0.4628,46680.38,3178595.839
403,600519.SH,20171220,650.862,667.34,645.1588,665.4454,648.1318,17.31359999999995,2.6713,63601.31,4321305.755
404,600519.SH,20171219,644.1581,653.3298,642.2149,648.1318,646.8494,1.2824000000000524,0.1983,44072.21,2944470.867
405,600519.SH,20171218,641.2433,650.7648,639.8637,646.8494,635.2098,11.639599999999973,1.8324,39162.28,2599749.872
406,600519.SH,20171215,645.1297,648.9674,632.2854,635.2098,645.664,-10.454200000000014,-1.6191,32255.95,2126579.404
407,600519.SH,20171214,650.9397,652.2222,641.7291,645.664,649.22,-3.55600000000004,-0.5477,31967.94,2126665.894
408,600519.SH,20171213,636.3757,650.9591,632.2271,649.22,632.81,16.410000000000082,2.5932,48502.48,3197982.045
409,600519.SH,20171212,639.9803,640.0483,632.5185,632.81,632.4894,0.3205999999998994,0.0507,47889.31,3138650.306
410,600519.SH,20171211,613.0675,633.4221,613.0675,632.4894,609.4532,23.036200000000008,3.7798,72849.17,4702239.221
411,600519.SH,20171208,597.9303,610.9786,597.9303,609.4532,599.1642,10.288999999999987,1.7172,45503.39,2842464.437
412,600519.SH,20171207,607.1894,607.2283,597.7748,599.1642,607.2477,-8.083499999999958,-1.3312,51032.62,3155212.01
413,600519.SH,20171206,613.5533,625.7952,602.3801,607.2477,614.9718,-7.724100000000021,-1.256,58174.09,3657236.582
414,600519.SH,20171205,615.9822,629.0014,612.2222,614.9718,619.6645,-4.692699999999945,-0.7573,47465.76,3026076.465
415,600519.SH,20171204,606.2179,625.7952,599.1933,619.6645,604.6633,15.001199999999926,2.4809,54267.71,3436687.377
416,600519.SH,20171201,619.8783,620.8304,602.5064,604.6633,613.0675,-8.404199999999946,-1.3708,47192.74,2959772.009
417,600519.SH,20171130,617.4493,630.0507,608.2096,613.0675,619.9852,-6.917699999999968,-1.1158,38019.62,2419959.854
418,600519.SH,20171129,631.4692,633.4415,615.992,619.9852,629.8078,-9.82260000000008,-1.5596,46763.72,3005733.412
419,600519.SH,20171128,607.2963,630.4394,606.2664,629.8078,603.6334,26.17439999999999,4.3361,70291.83,4491543.613
420,600519.SH,20171127,615.9822,618.246,595.5888,603.6334,612.1348,-8.50139999999999,-1.3888,63548.46,3975262.024
421,600519.SH,20171124,617.8282,624.2407,604.5467,612.1348,615.7199,-3.5851000000000113,-0.5823,76541.94,4835808.966
422,600519.SH,20171123,623.7549,627.6412,612.3097,615.7199,632.0328,-16.3128999999999,-2.581,109599.13,6984097.475
423,600519.SH,20171122,657.7602,668.4476,631.5275,632.0328,658.0031,-25.970300000000066,-3.9468,128498.26,8528143.403
424,600519.SH,20171121,649.9876,669.2249,643.2059,658.0031,659.8491,-1.8460000000000036,-0.2798,96016.51,6491134.446
425,600519.SH,20171120,657.5659,666.1158,641.2433,659.8491,670.6337,-10.784599999999955,-1.6081,88305.82,5954131.851
426,600519.SH,20171117,676.2202,688.8508,658.5083,670.6337,698.6735,-28.039800000000014,-4.0133,123861.24,8548747.991
427,600519.SH,20171116,666.5142,699.4993,666.5142,698.6735,668.5253,30.148199999999974,4.5097,60716.32,4299283.186
428,600519.SH,20171115,659.4605,670.381,654.8455,668.5253,659.4605,9.064799999999991,1.3746,45036.33,3074244.081
429,600519.SH,20171114,667.612,667.6898,658.1003,659.4605,668.331,-8.870499999999993,-1.3273,46366.71,3159112.664
430,600519.SH,20171113,660.675,673.0918,656.5943,668.331,658.6832,9.647799999999961,1.4647,49869.84,3402794.002
431,600519.SH,20171110,631.9453,663.9783,631.9453,658.6832,631.5955,27.08770000000004,4.2888,74078.6,4967970.73
432,600519.SH,20171109,629.5844,635.5596,626.2907,631.5955,631.8967,-0.30119999999999436,-0.0477,33641.13,2183815.39
433,600519.SH,20171108,624.0755,635.8996,624.0755,631.8967,623.8229,8.073800000000006,1.2942,43951.94,2855374.07
434,600519.SH,20171107,632.091,638.4743,620.0434,623.8229,634.5006,-10.677699999999959,-1.6829,55564.85,3592238.407
435,600519.SH,20171106,623.2691,638.931,622.006,634.5006,621.0053,13.49529999999993,2.1731,48513.98,3153638.704
436,600519.SH,20171103,610.7843,625.154,610.7843,621.0053,609.1034,11.901900000000069,1.954,48188.97,3075651.167
437,600519.SH,20171102,609.1326,611.8822,603.3517,609.1034,605.3046,3.7987999999999147,0.6276,34249.73,2144671.943
438,600519.SH,20171101,603.2351,613.5921,601.6223,605.3046,600.4661,4.838500000000067,0.8058,43435.25,2712016.939
439,600519.SH,20171031,604.333,609.7641,594.4909,600.4661,604.401,-3.9348999999999705,-0.651,51875.68,3206280.6
440,600519.SH,20171030,624.775,625.698,603.3517,604.401,631.168,-26.767000000000053,-4.2409,81007.86,5099041.747
441,600519.SH,20171027,584.9985,636.3854,582.9776,631.168,587.8938,43.27419999999995,7.3609,84383.79,5284485.766
442,600519.SH,20171026,587.8064,595.579,575.0884,587.8938,549.5941,38.29970000000003,6.9687,115434.97,6957625.411
443,600519.SH,20171025,553.5582,555.4333,546.0867,549.5941,551.2069,-1.612799999999993,-0.2926,25076.0,1418395.221
444,600519.SH,20171024,555.7442,557.4931,547.5927,551.2069,557.1142,-5.907299999999964,-1.0603,31274.28,1775645.971
445,600519.SH,20171023,558.5812,564.0027,551.8579,557.1142,558.008,-0.8938000000000557,-0.1602,23771.82,1362900.409
446,600519.SH,20171020,564.4885,564.4885,555.511,558.008,566.043,-8.034999999999968,-1.4195,31534.33,1812957.242
447,600519.SH,20171019,545.0568,568.5205,544.7848,566.043,544.7848,21.258199999999988,3.9021,40658.82,2338901.855
448,600519.SH,20171018,538.4501,546.6017,538.4501,544.7848,540.9082,3.876600000000053,0.7167,19178.65,1072237.528
449,600519.SH,20171017,545.0277,545.0277,538.2558,540.9082,544.7556,-3.8473999999999933,-0.7063,20977.12,1168943.28
450,600519.SH,20171016,544.0755,550.556,540.0726,544.7556,540.3447,4.41089999999997,0.8163,29909.01,1676809.992
451,600519.SH,20171013,529.5115,540.7819,526.6065,540.3447,528.6274,11.717300000000023,2.2166,27858.42,1534212.916
452,600519.SH,20171012,529.5115,531.9405,524.8285,528.6274,530.0362,-1.408800000000042,-0.2658,19646.22,1067464.518
453,600519.SH,20171011,522.8076,535.5839,522.8076,530.0362,524.7119,5.324299999999994,1.0147,33406.43,1824898.708
454,600519.SH,20171010,512.0717,525.1297,512.0328,524.7119,512.7712,11.940699999999993,2.3287,31006.44,1662690.453
455,600519.SH,20171009,509.633,520.3301,505.3192,512.7712,502.9291,9.842100000000016,1.957,34891.29,1844481.6
456,600519.SH,20170929,501.3357,510.9349,500.8499,502.9291,503.7258,-0.7966999999999871,-0.1582,22436.22,1166403.112
457,600519.SH,20170928,492.7858,505.4163,492.7372,503.7258,493.7671,9.958699999999965,2.0169,25969.85,1340236.075
458,600519.SH,20170927,494.4569,496.5069,491.6879,493.7671,494.8164,-1.0492999999999597,-0.2121,16671.11,847627.355
459,600519.SH,20170926,492.2903,495.5062,489.2881,494.8164,492.8247,1.9916999999999803,0.4041,25470.49,1292872.632
460,600519.SH,20170925,486.0916,493.7574,486.0819,492.8247,485.7224,7.102300000000014,1.4622,32697.56,1649582.919
461,600519.SH,20170922,482.7785,485.9653,481.7098,485.7224,484.5954,1.1270000000000095,0.2326,16343.53,815718.865
462,600519.SH,20170921,481.8458,486.3539,478.8728,484.5954,482.0984,2.4969999999999573,0.5179,19402.68,963615.276
463,600519.SH,20170920,482.7785,485.8098,481.9041,482.0984,482.8271,-0.7286999999999466,-0.1509,17318.16,862024.944
464,600519.SH,20170919,486.0819,488.2194,481.9138,482.8271,484.7897,-1.962600000000009,-0.4048,23054.81,1151152.851
465,600519.SH,20170918,476.2106,486.2762,476.2106,484.7897,475.9191,8.870599999999968,1.8639,42206.81,2101680.376
466,600519.SH,20170915,478.5036,478.5036,474.1314,475.9191,476.7644,-0.8453000000000088,-0.1773,16039.46,786562.205
467,600519.SH,20170914,478.9796,479.9901,475.0933,476.7644,477.6583,-0.8938999999999737,-0.1871,19399.49,953145.166
468,600519.SH,20170913,471.2167,478.2121,467.6996,477.6583,471.1293,6.528999999999996,1.3858,33075.7,1618956.527
469,600519.SH,20170912,465.873,472.1883,464.8043,471.1293,464.7265,6.402800000000013,1.3778,34341.63,1661294.228
470,600519.SH,20170911,457.702,468.5157,456.6236,464.7265,460.8888,3.837699999999984,0.8327,45374.4,2161657.241
471,600519.SH,20170908,464.6585,466.8446,460.5293,460.8888,467.5927,-6.703899999999976,-1.4337,41173.27,1962989.43
472,600519.SH,20170907,471.5179,473.0627,466.4171,467.5927,471.1973,-3.604600000000005,-0.765,33320.16,1605408.576
473,600519.SH,20170906,476.0746,478.7659,471.0612,471.1973,476.0649,-4.867600000000039,-1.0225,33006.5,1608066.103
474,600519.SH,20170905,478.8728,479.9512,475.5888,476.0649,478.4258,-2.3608999999999583,-0.4935,22622.15,1112006.392
475,600519.SH,20170904,481.1074,482.5453,477.3085,478.4258,481.1074,-2.681600000000003,-0.5574,18931.62,932954.81
476,600519.SH,20170901,476.2689,482.1761,476.1037,481.1074,477.1919,3.9155000000000086,0.8205,31451.0,1554634.575
477,600519.SH,20170831,479.9998,480.8159,475.8803,477.1919,478.9602,-1.7683000000000106,-0.3692,18736.86,921659.704
478,600519.SH,20170830,475.7831,479.718,475.2585,478.9602,475.5305,3.4296999999999684,0.7212,18503.64,910133.939
479,600519.SH,20170829,479.0088,480.8159,474.1412,475.5305,478.0566,-2.5260999999999854,-0.5284,25176.62,1234431.719
480,600519.SH,20170828,478.9893,483.1574,477.0753,478.0566,478.9796,-0.9230000000000018,-0.1927,29021.07,1432545.548
481,600519.SH,20170825,479.4266,480.2038,475.4139,478.9796,478.8047,0.17489999999997963,0.0365,17297.88,850598.725
482,600519.SH,20170824,479.9512,482.2927,478.0372,478.8047,479.9706,-1.165899999999965,-0.2429,18156.78,896861.683
483,600519.SH,20170823,471.6539,480.573,470.556,479.9706,473.3736,6.59699999999998,1.3936,27214.99,1337347.647
484,600519.SH,20170822,473.5485,475.5694,462.4725,473.3736,475.8123,-2.438699999999983,-0.5125,42457.03,2051271.355
485,600519.SH,20170821,474.1314,480.3496,473.1016,475.8123,475.7345,0.0777999999999679,0.0164,23546.62,1153168.712
